idcar_nat,tmaille,ind,men,men_pauv,men_1ind,men_5ind,men_prop,men_fmp,ind_snv,men_surf,men_coll,men_mais,log_av45,log_45_70,log_70_90,log_ap90,log_inc,log_soc,ind_0_3,ind_4_5,ind_6_10,ind_11_17,ind_18_24,ind_25_39,ind_40_54,ind_55_64,ind_65_79,ind_80p,ind_inc
CRS5490RES1000mN1596000E728000,1000,649.5,335,103,150,9,170,58,12475767.7,23555,166,169,7,63.9,54.1,196,14,49,13,5,30,49.5,37,52,152,112,156,42,1
CRS5490RES1000mN1596000E729000,1000,174,93,22,39,2,47.9,16.1,3848251.9,5898,42,51,0,0,10,80,3,0,7,3,11.5,15.6,3,21,36.9,35,38,3,0
CRS5490RES1000mN1597000E728000,1000,133,88.9,25.1,57.9,0,60,6,2689641.7,5925,34,54.9,2,5,48,27.9,6,0,3,1,1,5,4,10,32.9,20,41,15.1,0
CRS5490RES1000mN1597000E729000,1000,50,29,8,11.9,0,20.1,3.9,1182579.1,2428.1,10,19,0.9,1.1,9.1,15.9,2,0,0,0.9,1.1,1.8,2,5,7.9,9.1,19,3.2,0
CRS5490RES1000mN1598000E730000,1000,218,91.1,29.9,34.9,10.1,56,16,4245190.1,7783.2,21.9,69.2,1,7,23,51.1,9,0,2.9,8.8,7.8,16,13.2,15,56.9,37.2,44.1,16.1,0
CRS5490RES1000mN1598000E731000,1000,60,26,8,6,0,22,7,1224356.9,2545,0,26,0,0,11,15,0,0,0,0,1,8.9,5.9,2,19,4,14.2,5,0
CRS5490RES1000mN1599000E730000,1000,60,31.1,12.9,12.1,1,13,6.1,1037015,2492.1,3,28.1,1.8,6.1,6.1,13.1,4,0,2,0,1,3.8,2.8,6.1,14.3,16.9,10,3.1,0
CRS5490RES1000mN1599000E731000,1000,207,88.1,21.8,27,7.8,58,9.8,5339389.6,8108,19.1,69,0,7.9,21.1,58.2,0.9,0,7.2,4.9,16.4,19.3,11.2,15,50.9,42,32.1,8,0
CRS5490RES1000mN1600000E707000,1000,162,89,43,44,2,51,11.1,2680651.5,6883,29,60,4,4.9,25.1,47,8,0,0,0,2.5,12.4,9.9,8,28,51,39.1,11.1,0
CRS5490RES1000mN1600000E719000,1000,216,99,41,34.9,5,66,27,3881311.9,7777.1,12,87,0,4,39,54,2,0,5.9,6.6,6.6,20,11.9,35,44.1,33.9,41.1,9.9,1
CRS5490RES1000mN1600000E720000,1000,407,234,22.1,117.1,5,93.9,47,11158096.9,16149,156,78,0,5.7,28,197.3,3,0,17.3,7.5,24.4,29.6,15.8,67,99.9,56.1,75.2,14.2,0
CRS5490RES1000mN1600000E721000,1000,52,24,10,9,0,14,3.1,968500,2024.9,3,21,0.9,0.9,3,16.1,3.1,0,4,0.9,2,2,3,5,13,15,2,5.1,0
CRS5490RES1000mN1600000E722000,1000,679.5,310,70,120,16.1,146.9,67.1,15759453.7,23285,141.9,168.1,0,4,73,220,13,88,21,23.9,46.9,71.5,49.1,84.1,152,130.1,86.9,14,0
CRS5490RES1000mN1600000E723000,1000,1308.5,625,156,256,33,213,138,27812282.6,48789,389,236,5,32,201,374,13,252,36.5,28.5,72,144,83.5,162,289,212,202,75,4
CRS5490RES1000mN1600000E724000,1000,321.5,159,54,72,4,79,28,6315574.5,13641,62,97,2,35.9,46.9,70.1,4.1,0,6.1,5,12.9,25.5,14,25,78,52,65,38,0
CRS5490RES1000mN1600000E725000,1000,200,91,25,38.9,7,53.8,14.1,3979073.8,8206,20,71,5.9,14.1,13,43.9,14.1,0,7,4,9.9,16.1,6.3,21.9,50,32.9,40.9,11,0
CRS5490RES1000mN1600000E726000,1000,246.5,92.9,28.1,25.8,11.7,70.2,16.9,4806373.2,7651.2,24,68.9,1,8.8,10.1,73,0,0,4,2.7,12.3,37.9,13.1,33,62.1,31.1,43.1,7.2,0
CRS5490RES1000mN1600000E727000,1000,324.5,143,57.8,56.8,10.9,110,25,5505510.7,12236,38.9,104.1,0.9,11.1,6,118.9,6.1,0,7.5,6,14.6,27.5,13,39,90.9,51.9,53,21.1,0
CRS5490RES1000mN1600000E728000,1000,71,35.8,16.1,17.1,2,23,5,1270848.1,2984,7.1,28.7,0,0.9,3,31.9,0,0,1,2,1.1,6,4,8,19.8,14.9,11.1,2,1.1
CRS5490RES1000mN1600000E729000,1000,286,162,58,86,5,59,33,5611210.1,12588,81,81,26.9,24.1,23,87,1,31,1,2,9,21,20,18,73,53,53,36,0
CRS5490RES1000mN1600000E730000,1000,629,291,93,125.2,16.9,81,68,12384108,21575,253.1,37.9,0,0,31.9,258.1,1,131,34,23,49.5,62.6,40,92.1,114,77.9,113,21.9,1
CRS5490RES1000mN1600000E731000,1000,191,93,26.1,39.1,8,65,14,4069646.3,8885.1,12.1,80.9,3,15,27.1,40.9,7,0,3.8,4,5.5,11.3,12.1,12,44,21.1,54.1,23.1,0
CRS5490RES1000mN1601000E707000,1000,126,67.1,24.1,29.9,0.7,46.9,5.1,2625432.1,5794,17,50.1,1.1,2.9,12.9,48.1,2.1,0,0,0,2.1,10.2,5.9,9.4,26.9,29.8,33.8,7.9,0
CRS5490RES1000mN1601000E712000,1000,535.5,265,85,125,14,115,44,11301209,19953,114,151,7,23,101,125,9,59,9,8.9,26.9,45.5,31,54.1,117,101.1,107,35,0
CRS5490RES1000mN1601000E713000,1000,242.5,125,20.9,50.1,2,63,22,6617441.5,9686,68.9,56.1,1,6,28.9,85.1,4,0,7.9,4,8.5,14.1,17.1,30,65,49.9,40,6,0
CRS5490RES1000mN1601000E714000,1000,280.5,127,38.1,40.1,7.1,46.1,37.9,6119539.7,9443.9,65,62,0,0,42,84,1,57,9,7.1,19.1,34.4,20.9,36.1,65.9,38.9,45.1,3,1
CRS5490RES1000mN1601000E715000,1000,84,30,5.1,3.8,5.1,19,2,2682703.3,3044,1,29,0,0,3.1,26.9,0,0,3.8,3.9,4,11.2,7.1,14.9,16.1,9.9,13.1,0,0
CRS5490RES1000mN1601000E716000,1000,87,37.1,18,14.9,3,31,4,1410823.3,3318,4.1,33,0,1,13.1,23,0,0,0,0.9,2,8,9,4.1,26,11.9,18,7.1,0
CRS5490RES1000mN1601000E719000,1000,371,164.9,25,53,8,110.9,17,9515334.7,14346,65,99.9,0,3,52.9,102.9,6.1,0,16.6,2,13.4,24.5,18.6,55,71,69,86,14,0.9
CRS5490RES1000mN1601000E720000,1000,29,12,1,5,0,7,3,803835.3,992,4,8,0,0,4,8,0,0,2,0,5,2,0,5,5,2,7,1,0
CRS5490RES1000mN1601000E721000,1000,52.5,25.1,3,8,1,19.1,1.9,1667560.1,2599.9,2.2,22.9,1,0,1,21.9,1.2,0,0,1,1.5,5,4,1.9,13.1,12,12,2,0
CRS5490RES1000mN1601000E722000,1000,317,146.9,31.9,57,7.2,105.1,27,7810719.9,13162.2,24,122.9,0,6,14,112.9,14,0,12.9,5.8,18.6,20.1,16.7,47,56.9,72,57.2,9,0.8
CRS5490RES1000mN1601000E723000,1000,184,78,18,24,4,50,11,4507732,6802.9,14,64,0,6,10,57,5,0,5,3,4.5,23.6,11,21.1,44,29,36,5.8,1
CRS5490RES1000mN1601000E724000,1000,147,73,19.9,36.8,6.1,43.1,10,3452698.8,6927,25.8,47.2,0,1.8,10,57.4,3.8,0,5,1,7.8,14.9,10.1,13.2,34.8,20.1,32.2,6.8,1.1
CRS5490RES1000mN1601000E725000,1000,600,241,71.2,67.2,20.9,46.9,93.1,11076238.4,19719,201.8,39.2,0,1,57,180,3,179,28.6,16.1,58.6,74.2,37.9,109,116.8,76.9,58.9,16,7
CRS5490RES1000mN1601000E726000,1000,190,71.1,25,18.9,9.2,50,9.1,3627140.6,6132,11.3,59.8,2.8,10.3,10.8,39.9,7.3,0,7.8,2.3,10.2,19.9,15.9,17.9,32,43.8,31.2,9,0
CRS5490RES1000mN1601000E727000,1000,86,42.9,18.8,21,2,33.1,4,1384274.9,3747,9.1,33.8,3.8,1,8.1,29,1,0,0,1,3,4.8,5,8.2,21.9,16.1,19.9,6.1,0
CRS5490RES1000mN1601000E728000,1000,1081.5,428.9,162,105,39,102,180,18936681.2,31926,325.9,103,0,5,31.9,391,1,302,43.9,42.5,88.5,176.9,93,166.5,209.1,146,91.1,24,0
CRS5490RES1000mN1601000E729000,1000,848.5,404,126.1,175.9,24,147,96,15734425.1,30819.9,197.9,206.1,8,84.9,90.1,215,6,118,23,13,47.1,93.1,50.9,89.5,183,123.1,154.9,70.9,0
CRS5490RES1000mN1601000E730000,1000,736.5,363.9,99,157,12,124.9,89.9,14198792.8,27088.1,228,135.9,3.8,34,29.1,275,22,109,16,16,42.7,79.4,34.5,110.1,135.1,133,113.9,54.8,1
CRS5490RES1000mN1601000E731000,1000,57,22.8,3.2,7.1,1.9,21,0,1564785.4,2763.1,3.2,19.6,0,0,4.8,18,0,0,0.9,1.1,1.9,4.1,4.9,5.7,11.3,10,15.2,1.9,0
CRS5490RES1000mN1602000E706000,1000,52,30,12.1,20.1,2,13.1,4,836108.6,2149.9,7.9,22.1,6.1,4,8.9,9,2,0,0,0,0,7,2,5,12,8.1,12.9,5,0
CRS5490RES1000mN1602000E707000,1000,622,293,88,121.1,19,181,39.9,13927195.8,24336,99.9,193.1,3.8,17,60.1,196,16.1,0,11.8,7,31.9,57.9,35,62.1,131.1,108,133.1,36.1,8
CRS5490RES1000mN1602000E710000,1000,236,98.1,27.2,31,7,67.9,10,4959040.6,8732,17.1,81,1,7,18,55.2,16.9,0,4.9,2.1,7.9,20.9,14,23.9,58.1,50.2,47.9,6.1,0
CRS5490RES1000mN1602000E711000,1000,208,77,7.9,17,5,56.9,9,6310158.1,7951,14,63,0,0,5,72,0,0,7,4,13,30,20.9,18,64,26,22,3.1,0
CRS5490RES1000mN1602000E712000,1000,415,180,51.9,59,7,66,50,9982078.4,13539.1,107.1,72.9,0,3,6.9,164.1,6,77,11.1,10.9,25.9,49.9,33,48.1,109,64.1,53,10,0
CRS5490RES1000mN1602000E713000,1000,526,251.2,77.9,104.1,18.1,154.1,49.1,11945523.1,21195.1,90.1,161.1,1,9.2,28,194,19,0,21.1,7.8,30.7,53.5,25.9,83.1,108,92,79,24.9,0
CRS5490RES1000mN1602000E722000,1000,27,15,2,8.9,0.8,10.9,0.8,615855,1158.1,4.2,10.8,0,0,0,13,2,0,0.8,1,2.9,1,1.3,5,2.1,5.8,5,2.1,0
CRS5490RES1000mN1602000E723000,1000,230,107.1,30.8,43.9,5.8,81.1,13.9,4768212.4,9260.8,15.3,91.8,4,22.1,26.7,50.1,4.2,0,6.1,4.1,9,16.6,13.1,18.8,60.1,39,44.2,18,1
CRS5490RES1000mN1602000E724000,1000,190,84.8,25.9,30.3,7,60.9,16.2,3840219.8,6134.7,17.6,67.2,1,4.6,17,52.2,10,0,5.5,3.5,6.9,20,6.1,20.8,45.2,43.9,32.4,5.7,0
CRS5490RES1000mN1602000E725000,1000,1105.5,475,154.2,159.9,28,160.8,157.8,19683472,35457,254.9,220.1,7.6,67.3,208.8,185.2,6.1,221,30,30.9,75.1,122.2,79.9,167.6,238.8,125.8,164.2,71,0
CRS5490RES1000mN1602000E726000,1000,405,192.9,66.1,90.9,12,91.9,34,8180470.8,15388.1,62,130.9,11,44.1,41.1,82.9,13.8,0,8.8,4.3,13.5,37.1,19.2,31,84,93.8,71,42.3,0
CRS5490RES1000mN1602000E727000,1000,148,59,19.8,22,7,40.9,6,2909003.8,5119.1,11,48,0.9,5,13.1,37,3,0,7,3.7,12.3,7,5.9,27,25.9,34.2,16.9,8.1,0
CRS5490RES1000mN1602000E728000,1000,84,36.1,9,11.1,2,26.7,4.9,1794388.5,3382.8,14.3,21.8,0.9,2.9,1.2,31.1,0,0,1,1.1,3.9,5.8,8.1,9.8,13.1,24.1,14.9,2.2,0
CRS5490RES1000mN1602000E729000,1000,28,14,2.9,2.9,0,12.1,4,597813.9,1377.9,0,14,1,0,0,13,0,0,0,0,1,1,1.9,3,4.9,10,5.2,1,0
CRS5490RES1000mN1602000E730000,1000,304.5,141.1,42.1,45,4.9,112.1,30,6113870.8,12392,26.2,114.9,7,20,16.1,96,2,0,4.9,2,10.5,21,16.9,30.9,65.1,70.1,60,23.1,0
CRS5490RES1000mN1602000E731000,1000,137,49,10.1,14,9,43.9,8,3161250.7,4757.9,5.9,43.1,2,3.9,9,33.1,1,0,5,1.9,7,10.9,16,19,25.9,31.2,16.1,4,0
CRS5490RES1000mN1603000E706000,1000,328.5,163,79.9,71,5,57.1,43.9,5351303,11702,89,74,5,7.9,42,107.1,1,62,4,8,14.9,27.4,26,33,66,66.2,67,15,1
CRS5490RES1000mN1603000E710000,1000,212,108,38.1,45.9,3.9,77,15.9,4031002.5,9764,19.8,88.2,0,12.9,25.2,69,0.9,0,1.9,1,7,14.1,8.9,19.2,43,58,37.9,21,0
CRS5490RES1000mN1603000E713000,1000,84,36.1,9,14.1,2,31,3.1,2070421.3,3598,1,35.1,1,0,4.3,25.8,5,0,3.2,0,4,6,4.3,13.9,16.8,20,7.9,7.9,0
CRS5490RES1000mN1603000E722000,1000,120.5,53.8,13.8,19,2.7,36.8,11.1,2545816.6,4892,11.1,42.7,0,2.8,5,42,4,0,2.8,5.3,4,13.4,7.2,11,28.9,26.7,17.2,4,0
CRS5490RES1000mN1603000E723000,1000,593,262.9,79,98,17.8,159.7,49.1,12209380.2,22529,70.9,192,7.8,44,47,134,30.1,0,19.4,11.5,32,53.1,32,69.9,131.8,90.9,115.2,36.2,1
CRS5490RES1000mN1603000E724000,1000,232,95.8,32.1,26.2,9.8,64,18.2,4730278.5,8321.1,18.8,77,1,23,19.8,43,9,0,4.1,1.9,13.6,19.1,10,19,52.1,41.1,47.1,24,0
CRS5490RES1000mN1603000E725000,1000,265,116,46.8,41,7.8,76,23.1,4691633.2,8782,26,90,4.4,22.8,21.2,47.5,20.1,0,8.1,2.6,12.5,27.5,15.4,26,57,42.9,49,24,0
CRS5490RES1000mN1603000E726000,1000,304,131.1,42.1,49,10.1,76.1,26.1,5775670.4,10534.1,28.9,102.2,1,23,17,71.2,18.9,0,4.6,5.1,12.6,38,18.4,39.9,74.1,49.2,40,22.1,0
CRS5490RES1000mN1603000E727000,1000,111,35.9,9.1,7.1,6.1,25.8,7.1,2732923.2,3077,0.9,35,0,8.8,4,22.2,0.9,0,10.6,0.9,3.4,15,10,16.2,18.8,15.1,20,1,0
CRS5490RES1000mN1603000E728000,1000,232.5,103.2,38,35.9,5.2,73,7.9,4798152.7,8362.9,15.1,88.1,5.2,19.2,28.9,33.1,16.8,0,7.9,1.9,6.2,14.3,8,14.1,51,47.2,56.9,25,0
CRS5490RES1000mN1603000E729000,1000,69,36,16.2,19.2,0,30.1,3.2,1212159.1,3256.8,12,24,0,0,6.8,29.2,0,0,0,0,1,7.2,3.6,5.9,20.9,13.2,13.2,4,0
CRS5490RES1000mN1603000E730000,1000,287,138.1,46.2,50.1,5.9,94.8,26.8,5990787.3,12904.7,41.1,97,7,24.9,24.9,80.3,1,0,3.8,5,13.7,15.5,15,28.9,71.1,48.1,63,22.9,0
CRS5490RES1000mN1603000E731000,1000,152,69.9,16,22,3.7,49.8,14,3739445.2,6535.1,17,52.9,1,10,12.1,45.9,0.9,0,4.9,5.1,5.7,11.9,11.2,13.9,36,25.3,24.9,12.1,1
CRS5490RES1000mN1604000E716000,1000,80,35,5,14,3,23.9,6.1,2057211.5,3366.1,7.1,27.9,0,1,2.9,24,7.1,0,5,0,9.1,11,3.1,7.9,15,14.9,10.9,3.1,0
CRS5490RES1000mN1604000E717000,1000,271.5,137,43,64.2,7,91.8,20.9,6063717.6,12110.1,30.9,106.1,0,3,24.9,99.1,10,0,4.8,3.5,11.4,28.1,14.5,28.2,75.1,50,46.1,9.8,0
CRS5490RES1000mN1604000E718000,1000,225.5,89,6,23.1,5,77,10,7706040.2,9353.1,7.2,81.8,0,0,0,87,2,0,4.9,2,13.5,24.9,31.2,18,78,24.1,26.9,2,0
CRS5490RES1000mN1604000E719000,1000,417,183,44,62,11,138,21,10960731.9,16319,16,167,3,10,32.9,121.1,16,0,7,4,13.9,46.9,36,37.1,95,61,92,24.1,0
CRS5490RES1000mN1604000E720000,1000,254.5,115.9,38,43.1,8.2,84,20.2,5936322.7,9187.8,22.1,93.8,0,9,12.9,81.9,12.1,0,4.8,2.1,12.9,20.2,13,28.3,58.2,56.9,42.2,15.9,0
CRS5490RES1000mN1604000E721000,1000,284.5,126.1,39.9,46,8.1,83.8,30,5639291.8,9625.9,17.9,108.2,1.9,12.9,26.1,71,14.2,0,7.9,7,12.1,27.2,18,27.9,51.1,59,49,25.3,0
CRS5490RES1000mN1604000E722000,1000,508,208,69.9,72.1,21,154,34,10423618.8,16300.1,43.1,164.9,3,27,43.1,106.9,28,0,20.1,5.1,30.2,36.8,20.1,65.9,113,86,91.9,37.9,1
CRS5490RES1000mN1604000E723000,1000,426,183,59,61,16,120,32,8325681.5,14504.9,54,129,5,26.9,32.9,116,2.2,0,10.4,7.1,14.1,41.5,23.2,47,97.1,84,67.9,33.7,0
CRS5490RES1000mN1604000E724000,1000,283.5,134,57.8,53.8,6.8,77.9,17.8,4936538.2,9236.1,22,112,3.8,9.8,41.2,49.2,30,0,4.7,6.8,5.3,30.3,8.1,32,62,66,53.3,15,0
CRS5490RES1000mN1604000E725000,1000,154,66.9,22,25.4,8.1,45,8.1,3151651.6,6091.9,9.7,57.2,2.1,9.9,11.3,40.8,2.8,0,2.9,3,8,10.9,11.2,21,34.9,29.1,27,6,0
CRS5490RES1000mN1604000E728000,1000,295,119.1,37,42.2,16.1,79,17,5936303.7,10238.2,23.2,95.9,4.1,22.2,29.7,51.2,11.9,0,5.8,4.6,13.5,21.8,18.4,33.8,66,57.3,54.6,19.2,0
CRS5490RES1000mN1604000E729000,1000,250,97.9,40.1,31.1,8.1,63.1,13.8,4508241.2,8674.9,20.2,77.7,4.8,13.2,18,61,0.9,0,3.8,3.8,11.9,22.3,10,26,49.8,41.9,61.3,12.9,6.3
CRS5490RES1000mN1604000E730000,1000,191.5,89,36.2,30,5,54.1,18.1,3376385.8,7458,33.9,55.1,2,18.1,16.9,52,0,0,7.4,0.9,9.2,10,9.1,27.8,37.2,39,31,19.9,0
CRS5490RES1000mN1604000E731000,1000,50,17,5,4,3,9,3,1041768.8,1681,5,12,0,0,5.8,11.2,0,0,1.8,0,7.2,4,5.9,6,15,6.1,3,1,0
CRS5490RES1000mN1605000E716000,1000,69.5,29.1,7.9,9,2.1,22,4.9,1407864,2303.1,3.1,26,0,1.1,7,17,4,0,0,1,3.5,5,6.9,10,18,13,6.1,6,0
CRS5490RES1000mN1605000E717000,1000,304.5,134,28,45.9,4,97.1,35,6810902.5,11052.9,23.2,110.8,0,4.9,12.1,109.9,7.1,7,11.9,6,19.9,32.6,20.1,37.9,68.2,49,43.9,15,0
CRS5490RES1000mN1605000E718000,1000,1314,582.1,225,218.1,35,24,248,20194069,38117.1,559,23.1,0,0,0,576,6.1,555,61,38,133,200,119,175,311.9,186,66.1,13,11
CRS5490RES1000mN1605000E719000,1000,414,180,33.9,56,9.1,133.9,31.2,11156427.9,16357.1,40.9,139.1,1,9.1,24.1,137.9,7.9,0,10.1,10.1,25.7,48,26.5,48.8,102,64.8,62.9,15.1,0
CRS5490RES1000mN1605000E720000,1000,92,49,15.1,21,0.9,33.3,6.1,2242738.2,4179.9,11.2,37.8,0,5.6,7,30.1,6.3,0,0,0,0.8,9.2,6,6.2,22.4,14.1,24.1,9.2,0
CRS5490RES1000mN1605000E721000,1000,263.5,129.2,61.2,50.1,3.8,71,28.1,4335896.3,9107.8,59,70.2,0,1,23.8,82.4,22,16,5.8,5,6.9,22.5,21.1,31.1,54.8,49.2,49.9,17.2,0
CRS5490RES1000mN1605000E722000,1000,266.5,131,44.9,55.1,5,84,14.9,5174446.6,10082.1,40,91,0,4,35,85,7,0,6,3,16.4,9,8,30.9,48.2,70.9,57,16.1,1
CRS5490RES1000mN1605000E723000,1000,413.5,182.2,58.8,63.8,11.8,112.8,30.2,8256859,15368,49.2,133,1.1,14,36.9,104.2,26,0,10.6,4.8,20,37.2,31,45.8,92,83.9,72.2,16,0
CRS5490RES1000mN1605000E724000,1000,403,173,71.2,62.1,11.1,116.1,24.1,7364213.3,14786.1,30.1,142.9,2.1,26.1,37.9,104.8,2.1,0,12,4,15.1,31.1,21.2,52.9,83.8,79.1,77.7,26.1,0
CRS5490RES1000mN1605000E725000,1000,402.5,163,57.8,41.9,17.9,97,29.1,7578932.2,13042.2,38,125,2.1,19.1,25.9,82,33.9,20,6,9.1,14.1,37.6,27.1,47.8,95,88,56.8,21,0
CRS5490RES1000mN1605000E728000,1000,253,100,32,27,13,67,17,5007611,8386,11.9,88.1,6,11,16.8,48.2,18,0,8,5,16,20,11.2,38.8,59,43,43.2,7.8,1
CRS5490RES1000mN1605000E729000,1000,205,78,19.2,19,8,62.8,9.9,4278923.9,6654.9,7.1,70.9,0,8,16.9,43,10.1,0,5.8,4,8.6,15.5,5.1,30.9,37.2,48.1,38.9,10.9,0
CRS5490RES1000mN1605000E730000,1000,342,139.9,63.3,47,15.2,91.1,22.8,5732145.3,12064,24.8,115.1,2.9,28.1,28.9,79.2,0.8,0,7.3,4.6,13,23.7,22.6,27.2,86.9,65.1,67.2,24.4,0
CRS5490RES1000mN1605000E731000,1000,207,98.9,32.9,46,6,77.9,11.9,3660088.1,8426.9,12.9,86,0,6.9,20.2,67.8,4,0,3,5.2,7,20,11,21.8,50.9,33.9,42.4,10.9,0.9
CRS5490RES1000mN1605000E734000,1000,117.5,52.9,6.9,15.9,0.9,36,11,3328142.1,5317.9,12.7,40.2,0,1.9,27,23,1,0,1.9,3.9,7.7,19.9,0,10.1,28.1,22.1,15.7,8.1,0
CRS5490RES1000mN1606000E705000,1000,50,23.1,13.1,8.1,0,18.1,5,684746.5,1791.9,9,14.1,0,7.1,5,11,0,0,0,0,0,0,3.1,6.9,9,11,11,9,0
CRS5490RES1000mN1606000E706000,1000,57,24,14,11.9,4,15,4,1043447.3,2476.1,3,21,1.8,0,5.2,13,4,0,0.9,0.9,5,2.9,5.9,7.2,11,11.1,9,3.1,0
CRS5490RES1000mN1606000E707000,1000,223,99,40.1,34.8,5.9,65,10,3909950.9,7870.2,33,66,0,6.9,16.1,75.1,0.9,0,12,3.9,3.8,13.6,10.4,35.1,42.1,49.1,33,20,0
CRS5490RES1000mN1606000E708000,1000,137.5,61.1,18,18.1,2,43.9,13,3217692.9,5674.1,4.3,56.8,1,1.2,5.9,40,13,0,1.8,1.5,5,15.1,9,15.1,32.1,26.9,23.1,7.9,0
CRS5490RES1000mN1606000E709000,1000,41,19,4.1,8.2,1.7,14.9,4.1,870282.4,1444,0,19,0.8,2.9,1.2,12.8,1.3,0,2.9,1.1,1.2,1.8,2.1,4.9,6.9,9.9,9,1.2,0
CRS5490RES1000mN1606000E720000,1000,229.5,107,35.1,37,6.2,69.1,22.1,4336360.2,8293.9,32.9,74.1,2,8,17.9,64.1,15,0,9.9,3.9,16.5,17.1,11.1,30.1,41,44,41,14.9,0
CRS5490RES1000mN1606000E721000,1000,150,72.1,15.9,29.1,3.8,49.9,8.9,3231561.8,6175.7,15.8,56.3,0,7.8,20.1,42.2,2,0,5.8,4.8,2.8,6.8,8.1,14.1,29.1,31.4,32.9,14.2,0
CRS5490RES1000mN1606000E722000,1000,300,142.1,44.1,60.2,7.3,104.9,18,6931425.6,11753.2,12.1,130,0,17.9,18.2,84,22,0,5.3,4.3,8.9,24.6,14,27.8,75.8,66.2,53.9,18.2,1
CRS5490RES1000mN1606000E723000,1000,395,171,71.1,66.9,16.8,106.8,28.2,7322579.5,13387,32.1,138.9,0.7,28.1,35.3,69.8,37.1,0,5.4,5.9,11.6,40.1,22.1,51.2,91.9,77,65.9,23.9,0
CRS5490RES1000mN1606000E724000,1000,469,184.8,55.6,67.8,24.1,137.1,27.2,10043364.9,15828,20.1,164.7,4.9,33.2,29,101.7,16,0,8.1,10.1,16.8,37,25.2,61.9,98,95.9,94,22,0
CRS5490RES1000mN1606000E725000,1000,473,181,60.9,52.9,19.9,129,38,9745148.1,15594.9,12,169,3.7,28.2,46.2,96.1,6.8,0,17.9,4.9,29.6,38.4,25,65.9,96.1,93.2,69.1,32,0.9
CRS5490RES1000mN1606000E726000,1000,583.5,250,76,93.8,18,170,33.9,11743901.2,21004.1,22.9,227.1,3,32,64,112,39,0,12,11,22,39.4,34.1,65.9,133.1,120.1,96.9,49,0
CRS5490RES1000mN1606000E727000,1000,416.5,165.3,68,46.1,14.1,113.8,31.2,7546121.5,13412,18.1,147.2,2.3,25,28.3,66.7,43,0,11.6,8,12.5,31.3,35.1,53.1,83.2,80.7,81.9,19.1,0
CRS5490RES1000mN1606000E728000,1000,422.5,178.7,64.9,59.2,12.8,84.2,53.1,7791695.1,14486,58.8,119.9,3.8,23.8,21,107.1,23,52,27.3,6,34.1,37.9,28.4,67.3,64.7,66,57.1,26.9,6.8
CRS5490RES1000mN1606000E729000,1000,102,44.8,17.2,16.9,2.9,29.9,8.9,1830301.9,3687.9,3.8,41,2,11,2.1,27.8,1.9,0,2,2.2,5,7.8,6.2,15.9,15.9,21.9,13,12.1,0
CRS5490RES1000mN1607000E707000,1000,82,37.8,7.9,15.1,1.8,30.9,3.9,2316642.5,3403.9,5,32.8,0.8,1,7.7,25.3,3,0,0,1,4.8,6,5.9,6.8,18.9,13.1,15.2,10.3,0
CRS5490RES1000mN1607000E708000,1000,611.5,295,67.1,112.1,10.1,186.1,39.9,15774163.8,23235,136,159,3.9,6,51.1,210,24,0,23.9,13.9,31,36.9,32.5,82,138.1,135.1,98.9,19.2,0
CRS5490RES1000mN1607000E709000,1000,59,29,6,11,0,18,5,1675036.1,2992,6,23,0,0,0,19,10,0,1,1,0,8,7,3,9,13,17,0,0
CRS5490RES1000mN1607000E720000,1000,83,35,2.9,10,2,25.9,8,2466705.1,3349.1,1.9,33.1,0,0,0.9,34.1,0,0,2,1.9,4,8.9,6.9,12,12.2,15.9,17.2,2,0
CRS5490RES1000mN1607000E721000,1000,105.5,43.2,10.8,13,2.1,30.9,11,2342449.3,4084,5.2,38,0.9,0,6,31.2,5.1,0,2.9,2.6,9.1,16.1,6.2,8,30.8,16.2,11.8,1.8,0
CRS5490RES1000mN1607000E722000,1000,220,87.3,20.9,24.8,11.9,63.8,11.1,5273064.2,7738,4,83.3,0.8,2.1,12.9,63.1,8.4,0,6.8,3,10,25.9,18.7,21.1,47.3,54.9,26.3,6,0
CRS5490RES1000mN1607000E723000,1000,339.5,158.1,58,68,9,102.9,29.9,6809639.5,12728.1,17.1,141,2.6,16.2,43.2,84.8,11.3,0,6.6,4.7,16,29.1,20,42.1,76.7,63.1,45.1,34.9,1.2
CRS5490RES1000mN1607000E724000,1000,330,149.9,50.9,61,9.2,91,29.1,6439322.1,11621.4,33.8,116.1,4.9,23.7,28.1,66.2,27,0,8.3,4.2,17.7,23.4,22,38.2,57,77,62.2,20,0
CRS5490RES1000mN1607000E725000,1000,468.5,203.8,60.9,81.2,15,139,31.1,9524887.8,16853.9,24.9,178.9,7.1,33.9,39.8,95,28,0,10.9,7,15.7,35.5,21.6,56.9,105,104.1,79.9,31.9,0
CRS5490RES1000mN1607000E726000,1000,202.5,95,42,42.8,9.4,56.1,14.8,3439842.8,7296.9,5.6,89.4,3.1,24.7,24.9,36.2,6.1,0,1.8,3,6.9,14.5,12.8,16.3,51.9,40.1,40.2,15,0
CRS5490RES1000mN1607000E727000,1000,406,161.1,56.2,62.1,15.7,111.2,23.2,7239839.5,12590.1,3.8,157.3,4,33.7,39.3,72,12.1,0,14.6,4.9,21.8,38.7,22.2,46.2,82.1,70.1,67.1,36.3,2
CRS5490RES1000mN1607000E728000,1000,215,85.2,31.1,24.3,8.2,62.9,13.2,4064824.5,6908,5.1,80.1,0.6,16.4,11.1,48.1,9,0,4.2,3.5,13.5,23.8,13,25.1,43,38,37,13.9,0
CRS5490RES1000mN1607000E729000,1000,255,120.1,49,58.2,10.7,83.1,20.2,4515278.9,8995.8,12.6,107.5,2.2,24.7,19,61.2,13,0,3.6,1,6.1,18.8,16.1,24.3,58.2,65.7,38.1,23.1,0
CRS5490RES1000mN1608000E707000,1000,18,14.9,4,12.1,0,9,0,394955.7,772,11.8,3.1,0,0,0,12.9,2,0,0,0,0,0,0,0,2,7,7,2,0
CRS5490RES1000mN1608000E712000,1000,140.5,70,16,28,2,39,15,3107499.7,5236,11,59,1,2.1,47.9,17,2,0,1,0.8,4,9.5,4,12,36,25,36.2,11,1
CRS5490RES1000mN1608000E720000,1000,130,49.9,9,14.9,5.2,46.1,6,3383243.3,4468,1,48.9,0,0,2.8,46.1,1,0,3.9,4.1,13.5,11.5,9.2,8,34.1,21.9,13,10.8,0
CRS5490RES1000mN1608000E721000,1000,135,59.7,13.1,24,4.7,40.1,10,2945885.3,4909.3,3.9,55.8,0,3,14.8,36.2,5.7,0,1.9,0,6.9,9.8,10,22.1,22.1,30,19,13.2,0
CRS5490RES1000mN1608000E722000,1000,497,201.8,79.9,60.1,16.9,64,66.9,8416577.6,14929.9,116.7,85.1,1,0.8,106,78.9,15.1,105,21.9,11,34.5,65.5,43.9,61.2,123,63.1,49,20.9,3
CRS5490RES1000mN1608000E723000,1000,312.5,143.8,48,56.7,11.1,102,21.1,6249946.2,11427.2,9.9,133.9,1,8.2,35.7,81.1,17.8,0,3.2,9,13.5,21.9,16,36.9,67.7,76.1,53.1,15.1,0
CRS5490RES1000mN1608000E724000,1000,282.5,111,45.9,32,13.1,75.9,21.1,4808938.1,8101.1,11,100,7.1,8.1,12.9,76.9,6,0,7.5,4,10.2,19.9,21,43,54,54.9,47,21,0
CRS5490RES1000mN1608000E725000,1000,182.5,65.8,23.1,12.9,7,44.8,15,3214030.3,5333,5.8,60,6,3.8,6,40,10,0,9.2,2.5,18.5,15.5,8.9,21,31.1,38.1,30.8,6.9,0
CRS5490RES1000mN1608000E726000,1000,182,81,33,26.1,6.1,61,13.2,3187260,5978.9,5,76,2.9,11.1,12.9,38.1,16,0,2.9,2.9,5,8.8,15.1,13.9,43.1,38.1,39.3,12.9,0
CRS5490RES1000mN1608000E727000,1000,297.5,138,52,53.9,6.1,78.9,24.8,5614047.2,10808.1,8.8,129.2,5.1,28.9,27.3,54.7,22,0,8.1,2.8,9.6,17,18.8,34,61,79.3,48,18,0.9
CRS5490RES1000mN1608000E728000,1000,269,117.7,42.6,46.1,11,68.8,22.1,4624234.2,9340.9,21.7,96,3.6,21,16.1,70,7,0,4.9,1.7,9.7,19.1,24.3,34.8,34.2,59.8,53.2,27.3,0
CRS5490RES1000mN1608000E729000,1000,43,25.8,12.9,14.3,0,14.7,6,756273.9,2207.7,1.8,24,2.8,1.2,2.8,19,0,0,0,0,3.3,1.8,1.8,7,8.8,7.1,8.3,4.9,0
CRS5490RES1000mN1608000E730000,1000,28,11.1,1,2.9,1,8.1,1,894062.6,1284,1.1,10,0,0,1.1,10,0,0,2.8,0,1.1,2.9,0,7.1,5,6.1,3,0,0
CRS5490RES1000mN1608000E731000,1000,300,154.9,65,75,6.9,30,40.1,5098323.4,9688,117.9,37,0,0,1,153.9,0,116,15,13,19,38,12.9,43,64.9,35.1,46.1,13,0
CRS5490RES1000mN1609000E720000,1000,77,36.1,9,18,1.9,28,1.9,1701796.3,2998.2,4.2,31.9,2.1,0,11.1,21,1.9,0,4,3.1,1.9,11,4.1,4.2,21.9,11.8,9.8,5.2,0
CRS5490RES1000mN1609000E721000,1000,358,152.1,49,57.9,14.9,71.9,30.9,6795538.5,11371.9,62,90.1,1,2,37.9,101.2,10,0,13,13.9,20.1,39.9,22.1,58.9,87,48.1,41,14,0
CRS5490RES1000mN1609000E722000,1000,64,25.1,13,8.9,2.8,16,4.1,1093073.1,2060,0,25.1,0,0,8,12.1,5,0,0.9,0.9,4,10,4.1,6.9,14,13,6.1,4.1,0
CRS5490RES1000mN1609000E723000,1000,102,46.2,18.2,14,3,34.8,13,1830620.5,3633.1,0,46.2,0.9,3,12.1,24.1,6.1,0,0,0.9,3.2,6.9,4.8,14,19.2,26,20,7,0
CRS5490RES1000mN1609000E724000,1000,179.5,72.9,25.1,24.9,6,50.9,11,3173409.5,6407.9,11,61.9,2.2,1.8,16.9,41.9,10.1,0,5,2,6.9,15.4,13.2,18.9,44.9,30,22.9,20.3,0
CRS5490RES1000mN1609000E725000,1000,256.5,117.4,30.9,49.2,7.2,84.9,17.2,5056420.6,9626.9,14.3,103.1,0,7.1,20.3,60.9,29.1,0,7.3,1.9,13,16.1,10.9,35,43.2,60,59.7,9.4,0
CRS5490RES1000mN1609000E726000,1000,262.5,121.1,55,47.1,7.7,81,19,4212058.8,9378.4,10.1,111,26.3,10.8,21.9,53,9.1,0,7.9,2,14.2,19.6,11.3,22,52.7,58,36.9,37.9,0
CRS5490RES1000mN1609000E727000,1000,252,110.9,56.8,50.1,9.9,79.7,17,3972003.3,9098.9,5.7,105.2,8.9,10.1,15,60.5,16.4,0,8,5.1,13.8,20.9,13.1,30.1,49,48.2,46,17.8,0
CRS5490RES1000mN1609000E728000,1000,178,84.9,37.9,36.8,4.1,59.9,10.1,3116481.2,7162,5.1,79.8,10.1,10.2,13.7,48.9,2,0,0,4.8,6.9,7.8,9.4,13.8,38,33.1,44.4,19.8,0
CRS5490RES1000mN1609000E729000,1000,81,41.9,18.7,21.1,1.7,29.1,8.8,1313810.9,3522.1,3.8,38.1,2.9,9.9,7.1,22,0,0,1.7,1,3.3,2.2,8.1,4.1,15.2,16.9,18.7,9.8,0
CRS5490RES1000mN1609000E730000,1000,138,56.9,9.9,17.8,1.9,32,10.2,3805585.2,5978.3,11.9,45,1.9,0,1,49.9,4.1,0,3.7,5.1,10,15,11.9,25,35.9,20.1,8.2,3.1,0
CRS5490RES1000mN1609000E731000,1000,48,23.1,4.9,9.1,0,7.9,4.1,1487207.6,2339,4.1,19,2,0,0,17,4.1,0,0.9,1,4.1,4.9,4.1,6.2,19.9,4.9,2,0,0
CRS5490RES1000mN1610000E718000,1000,116.5,47,3,11,6,36.1,4,3668249,5311,8.9,38.1,0,3.2,22.8,21,0,0,5,1.5,4.9,8,6,11.1,23.2,18.9,27.9,10,0
CRS5490RES1000mN1610000E719000,1000,656,309.1,55,118,7,157,78,16030376.1,23561,178.1,131,0,4,35.1,267,3,44,31,14.5,37,73,38.5,126,162,77,79.9,17.1,0
CRS5490RES1000mN1610000E720000,1000,840.5,403,106,179.1,29,137.1,98,15800266.8,28344,249.1,153.9,0,4,51,337,11,210,22,16.1,52,88.4,51,127.9,182,129.1,130,41,1
CRS5490RES1000mN1610000E721000,1000,840.5,365,91.9,141.1,23.1,168.9,71.1,19128588.1,31392,155.1,209.9,6,6,108,223,22,88,21,9,41,88.6,76,88.9,201.1,125,143,38.9,8
CRS5490RES1000mN1610000E722000,1000,1241.5,577,152.9,211,23.9,240,178,25002322.9,45823,231,346,108.9,39.1,79,330,20,62,50.5,31.5,87.4,132.5,70.5,153.9,306,166.1,156.1,84,3
CRS5490RES1000mN1610000E723000,1000,48,18,1.9,4.8,3,14.2,0,1359202.5,1688.9,1.9,16.1,0,1,1.9,15.1,0,0,0.8,1.9,4,0.8,2.2,7,6.2,12.9,11.3,0.9,0
CRS5490RES1000mN1610000E724000,1000,351,141.2,37.9,45,13.9,76.2,28.9,8335632.3,12179,49,92.2,9,2.9,11,110,8.3,36,12.1,4.4,17.2,33.4,34,34.9,89,58,54.9,11.1,2
CRS5490RES1000mN1610000E725000,1000,498.5,207.1,80.8,70.1,19,94,54,8518432.8,15063.9,80.9,126.2,8.9,7.1,39,129.1,23,43,24.5,9.8,35,57.1,35,69.2,110.9,69.9,65.2,21.9,0
CRS5490RES1000mN1610000E726000,1000,254,116,46.9,43.1,10,75.4,26.2,4326681.7,8611,16,100,23.8,4.1,14.9,60.3,12.9,0,2.8,4.9,12,20.1,9.7,32.2,53.2,51.1,47.8,20.2,0
CRS5490RES1000mN1610000E727000,1000,185.5,88.2,32,37.7,4,52.8,11.2,3406461.4,7207.8,9.1,79.1,9.3,12,10.9,55,1,0,3.7,2.9,7,11.4,7.1,18,40,38.3,45,12.1,0
CRS5490RES1000mN1610000E728000,1000,40,19.1,8,8.9,1.8,10,0.9,643786.3,1428.9,1.1,18,0.9,3.1,1.1,12,2,0,0,0.9,0.9,3.1,6,2,8.9,9.1,8,1.1,0
CRS5490RES1000mN1610000E729000,1000,249.5,109.1,33.9,37.9,7.1,82.1,19.1,5884862.9,10397.9,19.1,90,7.9,11.2,9.8,75.1,5.1,0,6.9,0,10,24.7,17,18.7,67,51,41.1,13.1,0
CRS5490RES1000mN1610000E730000,1000,270.5,124.1,31,39.3,6.1,94,25.3,5909406.4,11416.2,10,114.1,1.8,12,16,89.1,5.2,0,2.9,3.8,11.1,21.7,17.1,30.9,53,55,57.9,17.1,0
CRS5490RES1000mN1610000E731000,1000,64,29,10.1,9.9,1.1,23,5,1772248.6,3363.1,1.9,27.1,0,3.7,8.1,14.1,3.1,0,1.1,1,2.9,3.9,8.1,4,16,7.9,11,8.1,0
CRS5490RES1000mN1611000E718000,1000,601,251,59,74.1,15,127.1,67,14914094.4,18993,131,120,0,1,40,209,1,44,25.5,14.5,40.5,58.2,43.5,97.9,145,93,65,16.9,1
CRS5490RES1000mN1611000E719000,1000,733,323.9,94,118,28,169,61.1,15018298.6,24755.1,137,186.9,2,14.8,81.1,226,0,78,19.8,19,39,60.1,42.1,81.9,143,122,159,47.1,0
CRS5490RES1000mN1611000E720000,1000,558.5,241.9,56,85.1,21,178,29.9,14086337.7,22165.8,41.1,200.8,1,7.9,55.1,169,8.9,0,12.4,17.5,36.5,42.3,28.9,67.2,119,91.9,105.9,36.9,0
CRS5490RES1000mN1611000E721000,1000,849,382,94,122.9,21,274,76.9,20160762.4,33779.1,65,317,18,15,134.9,191.1,23,0,17.5,17,42,64,60.5,77,183,141,188,59,0
CRS5490RES1000mN1611000E722000,1000,1028.5,432.8,137.1,150.7,37,170.2,136.1,19280331,32593.1,147,285.8,14.1,50,79.8,266.7,22.2,99,37.2,21.5,73.4,101,85.1,131.1,217.3,162.8,117,73.1,9
CRS5490RES1000mN1611000E723000,1000,98,42.2,9.8,13,3,30.9,11,2305710.8,4195.9,5.2,37,2,0.9,2.1,32,5.2,0,5.2,0.9,6,3.8,3.8,22.9,11.1,23.1,17,4.2,0
CRS5490RES1000mN1611000E724000,1000,34,20.1,3.9,10.8,0,13.1,3.1,632223.8,1866.9,6.9,13.2,0,0,2.1,18,0,0,0,0,0,1.7,2.1,2.2,13.1,6.9,4.8,3.2,0
CRS5490RES1000mN1611000E725000,1000,380,165.7,66.9,58.8,11.1,99.9,29.9,6560328.6,13441.9,25.7,140,13,11,38,78.9,24.8,0,15.1,5,20.8,28,20,55.8,73.1,73.8,65.3,23.1,0
CRS5490RES1000mN1611000E726000,1000,314.5,131.9,62.1,49.1,15,86.2,20.2,5279064.9,10849.6,18.1,113.8,8.1,18.6,22.2,69,14,0,10,4.9,7.9,29.8,22.1,33.1,72,62.9,49.9,21.1,0.8
CRS5490RES1000mN1611000E727000,1000,128.5,47,18.7,17.2,5.9,38.2,7.9,2088919.2,3964.9,3.7,43.3,1.9,5.1,16.2,21.1,2.7,0,2.9,4,9.6,12.1,1.9,11,40.9,15,23.2,7.9,0
CRS5490RES1000mN1611000E728000,1000,217.5,96,38.1,39.2,9,62.1,10,3789032.5,7179.2,7.1,88.9,5.9,13.1,12.1,56.1,8.8,0,1.7,2,10.8,15.6,9.1,17.6,63.2,40.2,39,18.3,0
CRS5490RES1000mN1611000E729000,1000,345.5,136.8,56.2,42.8,12,110.2,17.9,6197432.7,11472.8,12.1,124.7,1,6.5,20,105.1,4.2,0,9,8.2,18,30.1,16.8,49.9,73,70.8,56.7,13,0
CRS5490RES1000mN1611000E730000,1000,233,114.9,36.6,48.8,5,85,19.8,4870695.3,11385,16,98.9,1,10.1,29.2,71.8,2.8,0,8.9,3.8,5.9,16,12.1,23.8,57,29.3,56,20.2,0
CRS5490RES1000mN1611000E731000,1000,594.5,277.1,107,100.9,10.9,183.1,63.1,10842611.6,25000.1,68,209.1,0,5.9,97.9,161.1,12.2,0,21.6,11,24.1,47,35,74.8,129.9,76.9,133,41.2,0
CRS5490RES1000mN1612000E718000,1000,2397.5,1200,286,515,50,358,322,50945117.3,90625,935,265,1,11,272,913,3,550,80.4,41,134,235.1,135,361,465,390,446,106,4
CRS5490RES1000mN1612000E719000,1000,1391.5,642.8,119.9,245,33,308.2,177.9,33830579.1,49442,373.9,268.9,0,13.9,55.9,571,2,156,78,26,100,143,88.5,233.9,319.1,219.2,135.9,45.9,2
CRS5490RES1000mN1612000E720000,1000,662,272.1,56.2,73.9,19,182.1,79.1,15924551.9,24021.1,69.1,203,1,11.9,89.1,167.1,3,35,18,9.8,47.1,79.3,45.7,80.1,152.2,121.8,87.1,20.9,0
CRS5490RES1000mN1612000E721000,1000,183,82.1,28.1,29,5,61.9,13.1,4226145.3,7556.9,17.1,65,0,4,8.1,70,0,0,5.8,4,6.9,16,10.9,23.1,42,40.1,26.1,8.1,0
CRS5490RES1000mN1612000E722000,1000,237.5,103.8,24.1,34.1,6,76,14.9,5018797.5,9632,10.7,93.1,4.8,5,35.1,51,7.9,0,6,5.7,5.9,11.1,21.8,24.1,49.9,39.9,57.2,15.9,0
CRS5490RES1000mN1612000E723000,1000,121,52,19.9,20,6,38.9,11.9,2237973.7,4474.9,2.9,49.1,4.9,4.1,14,25,4,0,2.9,0.9,5.9,13,4.1,15,34,15,18.2,12,0
CRS5490RES1000mN1612000E724000,1000,213.5,92,38,29.9,6,65,14.8,3692094.3,7800.1,12.9,79.1,4.1,9.9,21,53.8,3.2,0,3.2,7,10.1,14.8,17.7,25,48,41.7,30,16,0
CRS5490RES1000mN1612000E725000,1000,459,200.2,69.9,70.1,14.1,139,39.2,8199250.9,16683.6,43.3,156.9,5,21.1,45.1,109.1,19.9,0,4,9,18.9,42.1,22,54.8,88.1,102.9,86,30.2,1
CRS5490RES1000mN1612000E726000,1000,157,56.1,24,15,9,38,10.9,2805901,5013.9,4.9,51.2,1.8,8.3,16.9,24.8,4.3,0,4.1,5,6.8,10.2,7.8,27.9,25.1,36.2,23,10.9,0
CRS5490RES1000mN1612000E727000,1000,85,36.9,10.1,11,0.9,27.1,8.1,1993065.3,3365.1,10,26.9,0,6.9,10.1,17.9,2,0,1.9,1.9,4,7,2.9,12.1,16.1,11.1,22,6,0
CRS5490RES1000mN1612000E728000,1000,111.5,50.9,19.9,22.1,4.1,38.9,6.8,1887963.4,4323.9,7.9,43,0,6,6.9,34,4,0,3.8,1,4.5,10.1,2.1,14.2,20.9,27.1,20.8,7,0
CRS5490RES1000mN1612000E729000,1000,204,84.1,28,30,7.2,60.9,10.1,4161731.3,7814.1,24.2,59.9,0,1,12.1,63.9,7.1,0,9,0.5,14.1,21.5,6,30.8,44.9,53.1,19.1,5,0
CRS5490RES1000mN1612000E730000,1000,73,29,4.1,11.3,2.9,23,4.1,1813667.1,2812.9,4.1,24.9,0,0,2.9,26.1,0,0,3,2,5,5.1,4,12.1,16.1,9.9,9.9,5.9,0
CRS5490RES1000mN1612000E731000,1000,109,46.2,17,17.1,6,32,10.1,2532321,4207,2.1,44.1,0,0,30.1,16.1,0,0,5,3.1,5,8.9,8.1,8.1,27.8,17.1,19.9,5,1
CRS5490RES1000mN1613000E718000,1000,426.5,194.7,17,77,7.1,128,26.1,12128836,16063,83,111.7,0,2,25.9,166.8,0,0,15.8,9,22.5,39.1,24.1,71.1,99.9,69.1,67,6.9,2
CRS5490RES1000mN1613000E719000,1000,504,228,46.1,86.2,17.2,166.9,39.2,12614890,18970,56,172,1,22,37,166,2,0,21,9.3,20.9,43.6,20.2,72.8,103.3,95.1,81.8,36,0
CRS5490RES1000mN1613000E720000,1000,982,412.9,99.9,142,33,306.9,57.9,23296588.7,34465,84.9,328,36,21,61.9,289,5,0,29,10.9,54.9,87.5,60.5,111,203,215,155.2,55,0
CRS5490RES1000mN1613000E721000,1000,660,299.1,79.1,109.3,17.9,211.2,46.1,15187358.7,23952,44.1,255,1,15.9,111,169.2,2,0,13.2,6.5,28.4,61.4,31.4,50.1,155.9,136.1,118.1,57.9,1
CRS5490RES1000mN1613000E722000,1000,234,97.1,40,30.9,6.1,44.1,30.1,3855399.5,7886.1,38.1,59,1,2,17.9,65.2,11,0,12.5,9.1,11.1,28.9,14.3,36,52.9,35.1,21.1,13,0
CRS5490RES1000mN1613000E723000,1000,255.5,111.9,42,39.1,4.9,90.1,17.1,5147959.4,10222,9.9,102,0,14.9,27.9,68.1,1,0,0.8,2,9.4,16,12.1,28,49.1,59.1,59.8,19.2,0
CRS5490RES1000mN1613000E724000,1000,383.5,172.1,66.1,72.8,11.2,120,24.2,6962597.6,14831.1,58.2,113.9,1,24.1,32.8,101.2,13,0,8,12.3,20.8,30.9,19.5,67.9,73.9,74.1,51,24.1,1
CRS5490RES1000mN1613000E725000,1000,718,321,126,119,17,224,50.9,13710599,27347,58,263,10,49,76,161,25,0,21.9,11.9,16.9,63.6,46,72,161,135.6,144.1,45,0
CRS5490RES1000mN1613000E726000,1000,93,49.8,27.2,24.9,3.2,36.1,7.2,1533799.7,3598.1,2,47.8,2.1,9.2,16.8,18.7,3,0,1,1,3.2,4.7,4.2,6,24.8,22.2,16.7,9.2,0
CRS5490RES1000mN1613000E727000,1000,119,51,28,23.1,4.9,42.2,7.1,1963051.7,4217,4,47,0,2.8,9.9,34.2,4.1,0,6.8,4.8,9,9.1,3.9,19,23.8,22.2,11.1,9.3,0
CRS5490RES1000mN1613000E728000,1000,94.5,32,5.8,5.8,6.9,20,3,2823354,3164,4.9,27.1,0,2,3.8,26.2,0,0,7.9,2.9,8.3,2,6.4,24.8,15.1,11,14,2.1,0
CRS5490RES1000mN1613000E729000,1000,40,16,4,3,1,10.2,1.8,1156421.6,1639,2,14,0,1,4,11,0,0,1.8,0,2,2.9,5.8,5,10.2,6,5.1,1.2,0
CRS5490RES1000mN1613000E730000,1000,212,76.9,8.1,11.9,11,50.1,6,7698574.2,10018,0,76.9,0,1.9,17,57,1,0,1.1,4.1,15.9,21.9,22.9,14,53.8,38,30,9.1,1.2
CRS5490RES1000mN1613000E731000,1000,416,158.9,10,42.9,14.2,104.1,13.1,15541584.3,19602.1,6,152.9,0,1.9,51.1,101.9,4,0,21.1,6.9,44.3,38.1,21.9,57.1,95.9,60.2,53.3,17.2,0
CRS5490RES1000mN1614000E705000,1000,76,35,12,13,2,16,5,1259219,2338,13,22,0,9,18,8,0,0,0,0,2,8,2,4,19,7,21,13,0
CRS5490RES1000mN1614000E706000,1000,63,27.9,16,10.9,2,6.1,8.9,851665.6,1542,20,7.9,0,3,3,20.9,1,17,1.1,0,5,6,3.1,6.9,18.1,8.9,6.9,7,0
CRS5490RES1000mN1614000E709000,1000,1434.5,643,323,256,60,316,155,21608474.8,42881,226,417,0,71,247,325,0,14,37.5,31.5,79.5,144,68,167.9,312,202,253.1,139,0
CRS5490RES1000mN1614000E716000,1000,48.5,16,0,2,3,3,0,1723153.1,1781,2,14,0,14,0,2,0,0,0.9,2,4,6,4.5,4.9,16.1,8,2.1,0,0
CRS5490RES1000mN1614000E717000,1000,188.5,87.9,23,29,3,56,15,4363690.3,7673.1,13,74.9,1,5,24.9,57,0,0,3,5,3,12,10.5,20.9,32,55,36.1,11,0
CRS5490RES1000mN1614000E720000,1000,325,136.1,38,43.1,10.1,104.3,28.9,7287091.6,11840.1,21.1,115,8.9,0,24,101.2,2,0,8.8,6.2,15.9,27,20,47.1,57.1,67,61.9,14,0
CRS5490RES1000mN1614000E721000,1000,398.5,167,51,59.1,14,119,33,8807558.5,14415,36.1,130.9,0,9.1,27.9,128,2,0,15.9,10.9,21,41.6,25,58,84,65,58,19.1,0
CRS5490RES1000mN1614000E722000,1000,120,53.2,17.1,23.2,6.8,34,9,2582924.4,4709,4.8,48.4,0.9,12.1,11,28.1,1.1,0,3,4,3,8,12.3,9,24.8,24.8,21.3,8.9,0.9
CRS5490RES1000mN1614000E723000,1000,213.5,101.1,33,42,4.8,81,16.9,4336872.9,9106,6,95.1,0,11.2,23.8,63,3.1,0,6.6,1,13.9,14,13.9,20,54.1,39,30.1,20.9,0
CRS5490RES1000mN1614000E724000,1000,340.5,145.8,38.1,55.1,16.1,100,25.1,7256425.2,12894.9,33.9,111.9,0.9,9.1,37.8,97,1,0,11.3,10.9,16.4,31.2,14.8,55.1,66.3,58.6,54.9,21,0
CRS5490RES1000mN1614000E725000,1000,178.5,87.2,25.9,33.8,1.9,50.8,22.1,4035228.2,7508.8,14.4,72.8,6.3,12.1,9.1,55.8,3.9,0,4.7,3.9,12.6,12.4,7.2,27.8,48,33.8,21.1,7,0
CRS5490RES1000mN1614000E726000,1000,266.5,120.1,36.2,40.2,4.8,81.9,25.1,5058614,10433,23.1,97,3.1,22,40.2,48.7,6.1,0,7.1,3.3,13.9,18,13.1,30.9,66.1,45.1,41,28,0
CRS5490RES1000mN1614000E727000,1000,234,115.8,53.7,50,1.8,88,18,4014602.6,9224.9,26.8,89,1,15,16.9,74.9,8,0,5.9,3.9,6.9,11.9,13.1,32.8,51,57.3,33.2,18,0
CRS5490RES1000mN1614000E728000,1000,148,63.9,19.1,21.2,5,44.8,15,3506178,6344.9,18.1,45.8,0.8,8,22.1,33,0,0,6.1,4,7.1,14.2,6.1,17,35.7,26.1,23.7,8,0
CRS5490RES1000mN1614000E729000,1000,200,82.9,6.9,24,6.9,66,8.9,5404375.7,8890.9,14.9,68,1.2,5,39.9,32.8,4,0,9.7,4,8.1,10.4,11.4,23.2,37.3,37.9,47.1,10.9,0
CRS5490RES1000mN1615000E704000,1000,29,11,0,2,1,8,1,1259980.2,2064,6,5,0,1.9,2.1,7,0,0,0,0,1,2.9,2,2,3.1,8,6,4,0
CRS5490RES1000mN1615000E705000,1000,2425,1188,305.1,513,59,429,261,55497651.2,89050,803.9,384.1,9,187.1,564,426,1.9,426,72.5,39,102,234.4,172,309.1,464.9,387.9,455.1,186.1,2
CRS5490RES1000mN1615000E706000,1000,2030.5,1040,264.9,486,47,485.9,214.9,48654478,78623,529.1,510.9,80,178,375,403,4,38,49,27.5,95,161.4,121.5,242.9,426.1,318.1,372.1,216.9,0
CRS5490RES1000mN1615000E707000,1000,2902,1487.9,603.1,769.1,81,274.1,340,52628249.1,89528,1110.9,377,99,153,334,880.9,21,291,122,72.5,201.9,284,164.5,467,616.9,453,382.1,129.1,9
CRS5490RES1000mN1615000E708000,1000,2521.5,1279.9,529,680,76.9,203.1,290,41902986.4,87020,1020,259.9,74,71.9,462,661,11,558.1,84.9,58.9,144.1,247.9,140.5,359,469.1,423.9,440.1,151.1,2
CRS5490RES1000mN1615000E720000,1000,95,43.9,14,14.9,2.9,32,11.9,2046034,3350.9,9,34.9,0,1,8,34.9,0,0,4.1,0,6,7.1,7.1,6.2,24.9,17.9,18.9,2.8,0
CRS5490RES1000mN1615000E721000,1000,707.5,298.1,90,100.9,27,224.1,48.2,14893344.6,25541.1,33,265.1,1,47.9,84.3,152,12.9,0,9.9,7.5,26.3,69.1,43,71.9,173,131,120.9,54.9,0
CRS5490RES1000mN1615000E722000,1000,261.5,112.2,33,38.1,9.1,73.1,13.8,5784149.1,9828.2,29,83.2,1,16.2,29.9,61.1,4,0,7.8,5.1,13.5,18,10.1,47.1,42.8,63.3,32.8,20,1
CRS5490RES1000mN1615000E723000,1000,146,67.9,20.1,25,2.9,41.2,16,3363440.8,5529.2,20.1,47.8,0,1.9,19.1,30.9,16,0,6,2.9,5,8,9.1,18.9,38.1,34,13.8,10.2,0
CRS5490RES1000mN1615000E724000,1000,106,51,11,14.9,0,39,14,2250051.2,4308.9,10,41,0,2,13,29,7,0,3.9,1,3,7,9,12.1,22,26,13,9,0
CRS5490RES1000mN1615000E725000,1000,29,13.9,4,5,0,8,2,623385.8,1110.9,0.9,13,0.9,4.1,0.9,5,3,0,0,0,0.9,0,0,2,7.9,7,3,8.2,0
CRS5490RES1000mN1615000E726000,1000,611.5,271.9,82,106,21.1,180,43.9,12607950.7,23101,41,230.9,5,45.1,76.9,129.1,15.8,0,22,5,30.9,45,32.5,85,101,119,106,65.1,0
CRS5490RES1000mN1615000E727000,1000,106,51.1,14,16.9,1.9,36.7,8.3,2633740.6,5096.3,16,35.1,0,3.2,13.1,32.8,2,0,2.9,0,2.9,3.2,7.8,12.8,16.3,24.8,28.1,7.2,0
CRS5490RES1000mN1615000E728000,1000,463.5,193.8,37.2,55,14,140.2,35.8,12100157.9,20503,34.9,158.9,10,23.8,55.9,96,8.1,0,17,12.9,19.9,45.3,35.1,58.1,86,75,84.9,29.3,0
CRS5490RES1000mN1615000E729000,1000,251,101,14,29,9.9,74,9.9,8278326.9,12007.1,5.9,95.1,4.2,11.9,17,64.9,3,0,10,6,14.4,21,21.4,43.1,53.1,40,26,16,0
CRS5490RES1000mN1616000E704000,1000,717,349,68,166,15,145,50,18932705.9,26441,199,150,5,29,119,196,0,3,22.5,11.5,37,62,54.9,113,161,93,105.1,57,0
CRS5490RES1000mN1616000E705000,1000,3531,1705,342,722,77,570,388,84827766.5,132953,1224,481,119,139,710,733,4,438,105,63,171.4,318.5,243,528,737,559,568.1,238,0
CRS5490RES1000mN1616000E706000,1000,2484.5,1211,137,520,58,572,227,73153412,99955,726.9,484.1,35,299,275,596,6,78,76,53,112.5,221.5,172.5,328,508,376,433,203,1
CRS5490RES1000mN1616000E707000,1000,4085.5,2122,954,1086,103,574,494,73158953.6,127699,1312,810,111,512,360,1120,19,290,155,99,232.5,347.9,217,584.1,783,731,641,294,1
CRS5490RES1000mN1616000E708000,1000,2273.5,1079,402.1,479,76.1,424,210,42279721.7,70971,374,705,74,366,247,380,12,0,64.4,30.5,88.5,201,110,284,430,435,397,231.1,2
CRS5490RES1000mN1616000E709000,1000,4099,2104,672,1027,100,737,484,79672556.5,133001,1359,745,59,395.1,484.9,1150,15,431,142.4,86,228.5,310,230,651,784,706,629.1,323,9
CRS5490RES1000mN1616000E710000,1000,3868.5,1810.9,561.1,715,105.9,282,592.9,70705659.1,126275,1468,342.9,3,427,380.9,998,2,1346,126.5,66.5,253.1,435.6,253,548.9,813.9,587,514,268,2
CRS5490RES1000mN1616000E711000,1000,442,177,66.1,52,16,2.1,79,6925715.1,12625,173,4,0,2,3,172,0,166,13,16,33.5,69.5,53,72.9,117.9,45.1,17.1,4,0
CRS5490RES1000mN1616000E712000,1000,417.5,195,74,79,12,115,34,7531442.9,16071,36.2,158.8,6,43.9,56.9,63.2,25,0,4.5,6.8,10.1,31.1,20.1,49.8,85.1,76,96,38,0
CRS5490RES1000mN1616000E714000,1000,587,262.1,97.9,95.1,19,52.9,93.9,9973922.5,18564,176,86.1,1,21.1,23.9,214,2.1,167,20.5,12.5,32.5,67,75.6,76.8,137.9,98,52.1,14.1,0
CRS5490RES1000mN1616000E715000,1000,2380.5,1170,390.1,549.1,58,280,297.9,44452158.7,85355.9,727.1,442.9,23,235.9,236,634.1,41,479,75.4,44.5,157,247.5,138,325,465.9,396,331.1,190.1,10
CRS5490RES1000mN1616000E716000,1000,1636,738,185.9,273,46.1,179.9,192,33736554.7,58958.9,509.9,228.1,1,21.9,397,309.1,9,440,42,30.5,91.9,170.9,102.5,218.1,291.1,276.1,316,95.9,1
CRS5490RES1000mN1616000E717000,1000,186.5,85,21,33,7,26,28,3940883.7,6424,57,28,0,0,17,67,1,52,9,2,16,22.5,13,30,34,25,33,2,0
CRS5490RES1000mN1616000E719000,1000,490.5,214.9,72.9,80.9,12.9,161.1,43.1,9864008.8,18399.1,28.2,186.7,1,30.8,58.1,116,9,0,18,7.9,27.5,44,25,60.1,95.1,96.1,83.9,32.9,0
CRS5490RES1000mN1616000E720000,1000,895.5,411.1,136.9,169.9,24,287,54,18725391.2,38227,53.9,357.2,2,67.8,79.2,224.1,38,0,14.9,20.5,46.5,80.6,55.1,82,197.9,161,165.9,70.1,1
CRS5490RES1000mN1616000E721000,1000,775.5,326.1,108.1,111,23.9,219.8,66.9,15584219.7,28797.9,43,283.1,3,38.9,84.1,157.1,43,0,11.9,7.1,48.8,72.5,44.1,94,184.1,125,134,54,0
CRS5490RES1000mN1616000E726000,1000,213,111.1,45,60,6,36,30,3627759.6,8225.1,46,65.1,6.1,35,13,50.9,6.1,0,12.8,6,14.9,13.1,17,27.1,32,31,40.1,19,0
CRS5490RES1000mN1616000E727000,1000,132,56.8,15.9,22,4.9,38.9,8.9,2909710.3,4736.9,7.9,48.9,1,7,20.9,27.9,0,0,4.9,2,3.9,12.2,7.2,12.9,25.8,26.9,25,11.2,0
CRS5490RES1000mN1617000E704000,1000,1860,843,127,328.1,48,373.1,169,49349559,65462.9,572,271,4,79.1,125,629.9,5,0,72,57,114,161.5,112.5,299,404,291,258,91,0
CRS5490RES1000mN1617000E705000,1000,1393.5,664,166.1,281,35,181.1,171,33747135.9,47388.9,527.1,136.9,0,9,69.3,585.7,0,179,62.3,36.1,111.1,149.8,132.1,256.9,294.1,194,128.9,28.2,0
CRS5490RES1000mN1617000E706000,1000,1783,873,145.1,383,41,401,168,47272433.7,71516,541,332,57.1,92.9,239.1,477.9,6,112,56.9,37.5,116.5,170.5,79.5,252.1,385,273,287,125,0
CRS5490RES1000mN1617000E707000,1000,2047.5,989,165,427,52,510,203,57739073.7,80641,571,418,14.9,198,333,440.1,3,61,76,38.5,116.5,177,130.5,274,429.9,308,358.1,136,3
CRS5490RES1000mN1617000E708000,1000,3258,1467,407,587,106,413,336,64756986.1,105038,937,530,17,136.1,712,585.9,16,500,137,70.4,216,328,192,474,645,538.5,461.1,196,0
CRS5490RES1000mN1617000E709000,1000,2514.5,1212,347,511,66,580,249,55232556.9,92433,458,754,5,99,625,473,10,51,77.5,64,137.5,199,131.5,350,472,433,411,239,0
CRS5490RES1000mN1617000E710000,1000,2983,1420,357,599,80,430,358,61891051.3,103840,1034,386,49.9,45.1,664,658,3,583,106,54.5,172,312,172,451.9,561.5,509.1,485,156,3
CRS5490RES1000mN1617000E711000,1000,2041,1040,327,487,43.1,443,214.1,39983692.6,76556,625,415,18,21,596,400,5,304,47,31,82.4,156,99.6,254,414.1,351,421.9,183,1
CRS5490RES1000mN1617000E712000,1000,1704.5,857.1,138.9,393.9,41.9,341,198.9,40801393.9,57285,632.2,224.9,9,36.8,46.2,719.1,46,142,99.6,46.6,98,130.6,108,371.9,395,251.9,158.8,41.8,2.3
CRS5490RES1000mN1617000E713000,1000,1852,915,126,385,33,515,184,47797902.4,74794,601,314,0,31.9,321,525,37.1,32,71,49.5,90.5,154.5,122,294,402.5,257,285,125,1
CRS5490RES1000mN1617000E714000,1000,1929.5,905,186,362,49,299,269,41938517.8,66382,661,244,3,32,66,785,19,375,73.5,46,130.5,225,148.5,325,447,273,202,55,4
CRS5490RES1000mN1617000E715000,1000,787,416.9,138,202.9,16,127.9,105,14648124.3,28525.1,210.9,206,6,57,84,259,10.9,170,19,12,32,71.9,44,97,176.1,143.9,132.1,59,0
CRS5490RES1000mN1617000E716000,1000,451,186.1,16.9,49.9,8.9,99,18.8,12647003.9,18497,73.1,113,0,26.9,70.1,82.1,7,0,15.9,7.9,29.8,33,19,55,102.2,54,94.2,40,0
CRS5490RES1000mN1617000E717000,1000,93,47.9,11,22,1.9,29,4,2380646.2,4449.1,16,31.9,1.9,2.9,26.1,15.9,1.1,0,2.9,3,1.4,6.5,3,8.9,18,15.1,26.1,8.1,0
CRS5490RES1000mN1617000E719000,1000,235,113,53.8,46.8,3,75,11.8,4378262.8,9326,14,99,2.8,8,36.2,59,7,0,3,2,4.8,22,11.8,19,58,54.2,41,19.2,0
CRS5490RES1000mN1617000E720000,1000,651.5,278.9,95,98,19.9,209,54,12653043,24753.9,49,229.9,5.1,27,81,156.9,8.9,0,17.9,4,32,63,43.5,68.9,160,119,113,30.2,0
CRS5490RES1000mN1617000E721000,1000,764,332.9,133,130,28.9,213,68,13682395.5,28093.9,62.9,270,1.9,50.1,77.9,193,10,0,24,10.5,43.6,63.9,47,93.1,180,123.9,120.9,56.1,1
CRS5490RES1000mN1617000E726000,1000,863.5,373.1,114,128.9,25,95.1,113,16293500.2,27828.9,268.1,105,0,11,31.1,327.1,3.9,249,29,21,55.9,102.9,71.5,133.1,180,148,105.1,16,1
CRS5490RES1000mN1617000E727000,1000,460,212,85.1,86,13,96,60.1,7691658.5,15787,80.9,131.1,1,20,80.1,101,9.9,63,11,8,33,46,30,38,116,75,67,35,1
CRS5490RES1000mN1618000E704000,1000,2528.5,1234,168,509.9,50.9,610,243.1,69195113.1,99929,779,455,2,11.9,744.1,474,2,175,95.1,60,127.4,177,152,419.1,503.1,373.8,510.1,108.9,2
CRS5490RES1000mN1618000E705000,1000,338.5,140.9,14.8,50,10.9,83,12.9,11524334,14361.1,57.1,83.8,0,0.8,53.1,85.1,1.9,0,14,6.2,21.1,25.4,23.1,54,61.9,57.9,60,14.9,0
CRS5490RES1000mN1618000E706000,1000,987.5,475.9,88,211,24.1,261.1,83,24699524.8,34468,264,211.9,2,51.7,132,290.2,0,0,35.9,19.1,48.3,92.1,55.9,150.2,235,141.9,131,77.1,1
CRS5490RES1000mN1618000E707000,1000,2514,1236,311,547,62.1,393,290,54431705.5,93103,904,332,2,87,429,709,9,536,53.5,44,126,233,171.5,327.1,515,462,412.9,168,1
CRS5490RES1000mN1618000E708000,1000,3041.5,1522.1,503.1,688,61,462,390.9,59037958.7,100989.1,1015.1,507,6,373,461.1,676,6,767,97,49.5,159.1,272.4,189.9,400.5,619,516.1,482,255,1
CRS5490RES1000mN1618000E710000,1000,2884,1390,337,568.9,70,310.1,473,58682473.7,96242,1213.9,176.1,25,27,209.1,1126,2.9,830,110,65,211,313.5,258.5,446.9,670.1,432.1,295,79.9,2
CRS5490RES1000mN1618000E711000,1000,970,466,103.1,207.7,25,140.9,100.1,21936096.7,39487,292.2,173.8,1,25.1,115.8,320.9,3.2,231,21,13.3,51.4,91.1,61.2,118.1,206.8,148,216.9,41.2,1
CRS5490RES1000mN1618000E712000,1000,2401.5,1045.1,252.1,364,64,261,368.1,47389012,79499,785.1,260,3,68.9,127.1,775.1,71,618,117.4,69.9,212.5,315.5,178,354,504,361.1,205.1,74,10
CRS5490RES1000mN1618000E713000,1000,2218,988.9,173.1,330,48.9,326.2,303,51548603.8,79306.9,721.9,267,7,25,91,831.9,34,441,85.9,44,150.1,245.1,177.9,355,523,332.1,225.9,74,5
CRS5490RES1000mN1618000E714000,1000,1427.5,656.9,138,256.1,44,357,134.1,33704808.9,59790.1,265.9,391,34,83,171.9,324,44,0,41,31,90.1,138.9,77.5,172,300,220,236,121,0
CRS5490RES1000mN1618000E715000,1000,312.5,149,17,56,3,82.9,29,9080271.7,13381,61,88,0,0,3.8,126.2,19,0,13,4,17,22.5,24,58,75,50,41,8,0
CRS5490RES1000mN1618000E716000,1000,518.5,214.2,27.8,63.8,11,137,40.8,13770562.9,20870.1,55.3,158.9,1,17,21.1,166,9.1,0,19.5,8,25.1,53.4,42.6,63,134,74.9,71.2,26.8,0
CRS5490RES1000mN1618000E717000,1000,30,12,2,2,0,9,2,749395.1,1352,2,10,0,0,4,8,0,0,0,0,0,2,1,7,3,8,7,2,0
CRS5490RES1000mN1618000E718000,1000,417,170,50,59,17.9,101,36.9,8438248.2,13660,36.1,133.9,4,27,32,62,45,0,15.4,5,14.1,39.5,32,42.9,103.1,84,58.1,21.9,1
CRS5490RES1000mN1618000E719000,1000,479,207.2,44,72,14.9,138,36,11924520,19489,47.3,159.9,7,15.2,22,159,4,0,20.9,9.1,18.9,46.9,35.1,72,117.1,75.9,61.1,22,0
CRS5490RES1000mN1618000E720000,1000,422.5,198.9,63.1,85.9,10,92,39,8333511.6,14515.9,85,113.9,1.9,16.7,39.1,134.1,7.1,67,16.2,9.8,20.9,40.2,25.5,60,90.8,71,67.2,20.9,0
CRS5490RES1000mN1618000E721000,1000,463,188.1,79,61.2,16.8,116.9,36.8,8192599.9,15284,26.3,161.8,5.9,31.1,51.9,79.1,20.1,0,12.2,8,15.1,32.9,33.9,57.8,110.1,92.9,62,37,1.1
CRS5490RES1000mN1618000E722000,1000,293,113,38,30.1,16,90.2,25.2,5451477.8,9542.1,17,96,6.1,17.9,14.9,73,1.1,0,8.2,2,8.9,21.2,19,34.9,70.8,53,44.9,30.1,0
CRS5490RES1000mN1618000E723000,1000,372,163,51,58.9,10.8,102.1,21.1,7539496.4,14088.1,44.9,118.1,5.8,17.2,32.9,79,28.1,0,10.1,4.7,23.8,25.1,12,47.1,81.1,75.3,74,17.8,1
CRS5490RES1000mN1618000E724000,1000,551.5,220,75,80,30.1,138.9,33,10914888.8,19944,70,150,2.1,36,48.9,119,14,0,17.9,9,31.6,62.4,36.5,61.1,134.1,66,96,36.9,0
CRS5490RES1000mN1618000E725000,1000,56,24.2,3.8,9,2,16.8,3,1178548,1996.1,2,22.2,0.8,2.1,0.8,19.2,1.3,0,3,0,2,2.1,0,13,9.1,11.8,11.2,3.8,0
CRS5490RES1000mN1619000E704000,1000,855,381,71,136.1,24,225,63,24006126.9,36146,187.1,193.9,1.9,18.1,128,233,0,0,23.9,24,42,70,47,100,180.1,114,188,66,0
CRS5490RES1000mN1619000E705000,1000,253,128,28,50,2,40.9,36,6051145.8,8500,105.1,22.9,7,0,1,120,0,26,14.4,5,14.5,22,13.2,54,66.9,33,16,14,0
CRS5490RES1000mN1619000E706000,1000,1095.5,476.9,121.7,160.9,28.9,138,139,23738353.5,37312,308.1,168.8,12.8,17,132.2,311.8,3.1,222,23.6,21,71.1,148.6,61.5,142.9,233.9,187.9,153,52,0
CRS5490RES1000mN1619000E707000,1000,1459,665,129,240,44,372,154,35876022.2,56756,312,353,13,69,193,387,3,76,44.5,33.5,95,123.5,100.5,183,284,223,258,114,0
CRS5490RES1000mN1619000E708000,1000,784,369,70,154,19,186.1,66.1,19993364.4,27759.1,204.9,164.1,5.8,20,58,280.9,4.3,0,32.3,10.5,46,78.5,47.7,119.8,190,103.1,115.2,39.9,1
CRS5490RES1000mN1619000E709000,1000,1708.5,795,157,299,44,382,188,42116529,69371,444,351,3,83,211,489,9,142,64.5,38,105,151.9,107,238.1,341,261,280,122,0
CRS5490RES1000mN1619000E710000,1000,657.5,311.1,34.9,117,11,205.4,63,19057290.4,27792.1,150,161.1,0,22,105.2,181.9,2,0,31.5,14,31.1,49.9,48.1,102.8,139,105.8,112,23.3,0
CRS5490RES1000mN1619000E711000,1000,855.5,368,84,126,26,118,108,18689906.8,27999,276,92,0,15,44,289,20,158,41.5,22.5,50,84.5,74,154.1,175,146,82.9,24,1
CRS5490RES1000mN1619000E712000,1000,744,324.9,74.9,119.9,20.9,183,41,17841540.4,28236,107.9,217,9,27,38.9,221,29,0,30.9,15.5,46.5,55.9,40.1,116,164.1,134.1,91,48.9,1
CRS5490RES1000mN1619000E713000,1000,424,205,64,90,9.9,137,30.9,9731602.9,18908.2,53,152,6.1,28.9,43,122,5,0,12,7.8,16.1,32.9,24.2,36.2,102.8,77,77.9,36.1,1
CRS5490RES1000mN1619000E714000,1000,615,277,60,99,12.2,138,69.9,14958285.8,22085.9,137,140,8,30.1,25.9,193.9,19.1,0,32.5,12.6,51.4,61,27.4,104,141.1,82,69,34,0
CRS5490RES1000mN1619000E715000,1000,214.5,87.9,15,29,7,54,15.1,6006010.2,7956.2,29.9,58,0,3,8.8,72,4.1,0,12.9,5,17.1,23.4,11.9,34.1,55.1,23,19.9,12.1,0
CRS5490RES1000mN1619000E716000,1000,692,306,29,107,22,204,54,19904857.9,29363,96,210,4.9,24.2,74,191.9,11,0,24.5,14,39.9,52,48.5,98,148.8,103.1,105.1,58.1,0
CRS5490RES1000mN1619000E717000,1000,77,32,8,13.9,3.9,17.9,1.9,1684710.5,3124.9,4.1,27.9,2,6.9,3.9,18.2,1,0,5.1,2.1,2,5,4,14,20.9,12.9,8.9,2.1,0
CRS5490RES1000mN1619000E718000,1000,238.5,108.1,36.1,42,6.9,76.8,18,5020466.5,10610.1,12.1,96,4.9,14.2,35.1,50,3.9,0,4.5,4,13,18,12,21.1,51.1,49.9,42,22.9,0
CRS5490RES1000mN1619000E719000,1000,282,136.1,45,57,8.8,80.1,21.1,5396373,10695.8,19.2,116.9,4,28,28.1,45,31,0,5,1.7,12.2,18.2,12.1,28.1,55.1,60.8,64,24.8,0
CRS5490RES1000mN1619000E720000,1000,230,93.8,39,30.2,10.1,48.1,17.9,3691053,6409.9,2.8,91,4.8,25.8,13.9,33.9,15.4,0,3.8,3,7.2,21,12.2,25.9,49.1,54.1,40.8,12.9,0
CRS5490RES1000mN1619000E721000,1000,180.5,91.9,43.5,44.1,2.9,53.1,14.1,3054538.2,6665.1,12.2,79.7,4.1,27.9,14.9,27,18,0,9,1.9,9.2,10.6,3.1,20.8,37,34.1,35,19.8,0
CRS5490RES1000mN1619000E722000,1000,297,145.9,59.3,65,9,88.1,29,5009008.8,13172.2,23.1,122.8,2.7,16.4,18.1,66.9,41.8,0,5,2,13.7,29.2,6.2,31.9,68.8,51.3,70,18.9,0
CRS5490RES1000mN1619000E723000,1000,933,388,148,129.1,37,261,66,17341042.9,37161,66.9,321.1,16,50.1,80,213.9,28,0,19,18.5,41.4,88,58.1,109.9,247,138,154,59.1,0
CRS5490RES1000mN1619000E724000,1000,467.5,198,53,53.9,12.9,138.1,43,9365098.1,18292,57.8,140.2,1.8,9.2,35.9,146.1,5,0,9,8,23.2,44.4,25.9,74.1,111.8,93.1,61,16,1
CRS5490RES1000mN1619000E725000,1000,95,35.1,6,10,5,25.1,7,2462781.9,4163,9.1,26,0,0.9,10,24.2,0,0,4.9,2.9,4.9,15.1,9.9,11.1,18.1,13,14.1,1,0
CRS5490RES1000mN1620000E704000,1000,31,12,2.1,4,1,10,1,811468.1,1098,0,12,0,1,0,11,0,0,0,3,1,2.1,1,3.9,7,6,4,3,0
CRS5490RES1000mN1620000E705000,1000,93,42.9,14.2,17,1.8,17.9,9.2,1862036.4,3431,15,27.9,4.1,5,11.8,22,0,0,1.8,0,1.8,5,9.1,13.1,18.9,21.2,14,8.1,0
CRS5490RES1000mN1620000E706000,1000,523,248,52,105.8,16.2,144.8,41,12698470.1,20351.8,103.2,144.8,5.8,32.8,121.3,87.1,1,0,12.1,8.2,41.4,35.9,26,63.3,118.9,84.1,89.1,43.2,0.8
CRS5490RES1000mN1620000E707000,1000,577,242.1,64,81,25.9,155.2,42.1,13755535.8,20444.1,84,158.1,9,25,64,138,6.1,0,14.4,10.1,25.4,45.5,31.6,76,109,100.1,121,43.9,0
CRS5490RES1000mN1620000E708000,1000,329.5,158,25,62.9,10,111.1,25,8145488.1,13919,53.1,104.9,2,16.1,54.9,84,1,0,7,8.9,9,25.4,22.1,46,61.1,59,75,16,0
CRS5490RES1000mN1620000E709000,1000,923,413.9,77.9,155.1,26.9,219,79.9,22171183,34476.1,185,228.9,3.8,63.1,121.9,212.1,13,0,25.6,29.1,61.4,77.9,48.1,132,188,140.9,157,63,0
CRS5490RES1000mN1620000E710000,1000,165,61,11,18.9,11,45.9,6.1,5019900,6845.1,10,51,1,3,17,39,1,0,7,3,12,13,11,22.9,38,25,25,8.1,0
CRS5490RES1000mN1620000E711000,1000,1138.5,520.1,115,188.9,26,345,91,27239394,51346,180,340.1,7,24.9,81.1,368.2,38.9,0,40.4,14,56.6,95.5,72.9,129,252.1,199.1,209.9,69,0
CRS5490RES1000mN1620000E712000,1000,730.5,330.9,93.1,133,23,210.1,46,16454574.8,31142,86,244.9,2,32,71,199.9,26,0,19.5,19,57,53,42,98.1,146.1,122,137.9,34.9,1
CRS5490RES1000mN1620000E713000,1000,523,220,69.9,75.9,20.1,130.8,35.9,11549958.1,19127,52.2,167.8,10.7,24,23.2,133.9,28.2,0,14.9,6.9,27,67.1,41.9,45.9,136.3,84.1,70,27.9,1
CRS5490RES1000mN1620000E716000,1000,278,108,13,26.9,10,81.1,27,8151506.1,10842,9.2,98.8,2,12.9,16.2,72.9,4,0,14.2,8,24,28.1,20.2,39.8,69.8,31.7,35,7.2,0
CRS5490RES1000mN1620000E717000,1000,393.5,156.9,20.8,43.9,9,114.1,26.9,12020470.8,16560.1,26.9,130,0,9,20.9,116.9,10.1,0,19.8,11,31.6,38,28.2,58.1,102,49,43,12.8,0
CRS5490RES1000mN1620000E718000,1000,122,56.9,16,20.9,2.9,35,6.2,2332631.2,5152,3.9,53,1,12.2,15.9,25.1,2.7,0,2.9,0.8,2.9,4.6,6.6,15.8,24.1,23.2,35,6.1,0
CRS5490RES1000mN1620000E719000,1000,298,135.9,43.1,53.1,7.4,82,22.8,5761589,10524.9,12,123.9,7,24.1,21,52.8,31,0,4.4,1,17.4,14.3,11.8,32.1,68.8,70.4,57.8,19,1
CRS5490RES1000mN1620000E720000,1000,210.5,104.8,38.9,47.9,4,62,14.9,3746850.6,7228,6.9,97.9,7.8,30.1,16.1,44,6.8,0,1.8,0,5,13.3,13.8,17.2,59,52.1,37.1,11.2,0
CRS5490RES1000mN1620000E721000,1000,194,88.2,33.3,35.1,6,55.8,13,3596467.5,6726.2,7.3,80.9,6,13.2,20.8,39.2,9,0,2.8,0,5,17.1,9,28.9,37.9,43.5,35,14.8,0
CRS5490RES1000mN1620000E727000,1000,67.5,28,9.1,10,3,22,4,1423550.1,2619,1,27,0,2,5,17,4,0,3,3,3,6.5,4,7,19,11.9,7,3.1,0
CRS5490RES1000mN1621000E705000,1000,23,11.1,1,2.1,0,6,4.9,647366.1,1130.8,2,9.1,1,3.1,3.8,2.1,1.1,0,0,0.9,1,1.1,0,3.8,3.8,8.1,1.2,3.1,0
CRS5490RES1000mN1621000E706000,1000,245,107.9,24.1,38.2,8.1,69.9,20,6070246.9,9640,25.9,82,5,23,27,52.1,0.8,0,5.9,5.1,11,27.8,14,26,51.1,41.2,40,22.9,0
CRS5490RES1000mN1621000E707000,1000,277,113.2,29,36,12.9,71.9,23,5577829.9,9184.2,57.9,55.3,2,9.3,34.9,67,0,0,7.9,5.1,16,21.9,21,34,52.9,38.1,63.1,17,0
CRS5490RES1000mN1621000E708000,1000,383.5,172.2,59,63.9,10,108.2,27.1,8279657.9,14402,41,131.2,8,27,53,78,6.2,0,8,7,14,23.4,20.9,37.8,86,62.1,89.2,35.1,0
CRS5490RES1000mN1621000E709000,1000,328,153.1,10.8,52.1,7.8,121.7,23.7,9559485.4,14672,53.1,100,2,8.8,94.3,33.9,14.1,0,8.9,2,16,29.1,11,28,62.9,62.1,90.2,17.8,0
CRS5490RES1000mN1621000E710000,1000,372.5,165,28.1,52.9,10.1,117.9,19.2,10276152.2,16418,42,123,1,18,53,83.9,9.1,0,15,8,14.8,31.4,14.2,48.1,65,55.1,87.8,33.1,0
CRS5490RES1000mN1621000E711000,1000,370.5,174.1,52.3,69.2,13,101,33.1,8428718.9,15147,67,107.1,0,22.2,34,107.2,10.7,0,15,3,18.7,34.6,17.9,37.1,85.1,65.2,75,17.9,1
CRS5490RES1000mN1621000E712000,1000,279,113,31.1,31.1,9.1,91.9,18.2,6990305.1,11139.8,26.9,86.1,0,4.1,39.9,66.9,2.1,0,15.8,10.1,13.1,20,13.9,41.1,48.9,45.2,55.8,15.1,0
CRS5490RES1000mN1621000E713000,1000,505.5,225.9,62.8,86.8,13.8,166.1,23.9,12148028.4,21371.3,45.1,180.8,3.8,17.8,60.9,128.1,15.3,0,10.9,13.5,21.9,40.8,31.1,61.1,101.2,76.3,120.8,27.9,0
CRS5490RES1000mN1621000E716000,1000,263.5,113.1,12,33.8,3,76.1,17.2,7727129.4,11866.9,29,84.1,0,2.2,9.9,93,8,0,9.8,5,16.8,27.8,21.1,31,72,35,33.9,11.1,0
CRS5490RES1000mN1621000E717000,1000,1062,522,151,228,26.9,184,135.1,20824689.8,40067,291.9,230.1,3,39.1,47.9,411,21,191,37.9,30.9,67.1,103.8,47.1,164.1,228.1,169.1,168,45.9,0
CRS5490RES1000mN1621000E718000,1000,286,116,22.1,36,9.8,75,25.1,6943778.7,10827.9,17,99,0,16.2,21.1,63,15.7,0,4.9,7.1,13.9,25.7,14.3,37.9,67.2,54,45,16,0
CRS5490RES1000mN1621000E719000,1000,355.5,155.9,47.1,56.9,11.1,100.9,27.2,7009911.8,13759.1,38.1,117.8,9,30,24,75,17.9,0,15.7,7.1,19,34,18.5,43.8,61.8,64.4,67.1,24.1,0
CRS5490RES1000mN1621000E720000,1000,378,177.3,78.9,74,12,119,29.9,6571458.3,13635,25.2,152.1,15,38.1,25.1,70,29.1,0,4.8,4.9,13.9,26.1,13,40.1,97.9,90.1,56.2,31,0
CRS5490RES1000mN1621000E721000,1000,361,180,79.7,79,8,106,44.9,6248362.6,13639.3,36.9,143.1,3,18.9,39.1,70,49,0,7.7,5.6,11.2,25.2,17.7,47.3,87.1,85.9,51.9,20,1.4
CRS5490RES1000mN1621000E726000,1000,87,41.9,8.1,22.1,4,28.9,3.1,2301868.7,3943,7.8,34.1,0,4,6,29.9,2,0,4.9,3.1,5.1,6.1,0,11.8,17.9,22,11.1,5,0
CRS5490RES1000mN1621000E727000,1000,96,39,15,10,3.8,30,4,2073839.3,4102,2.8,36.2,2,5,11.9,19.2,0.9,0,0.9,0.9,5,6,2.9,12,22.1,16.9,22.3,7,0
CRS5490RES1000mN1622000E708000,1000,330,146.1,47,56.9,13.1,83.9,16.9,6019666.1,11706.9,31.1,115,2.1,29.1,15,59.9,40,0,10.1,3,17,23.1,13,44,72.8,65.9,55,26.1,0
CRS5490RES1000mN1622000E709000,1000,292.5,136,37.1,47,6.9,90.8,21.2,5976586.6,11714.1,25.2,110.8,3,25.9,23,59.9,24.2,0,4,5,6,18.6,14.8,32,60.1,69.3,52.9,29.8,0
CRS5490RES1000mN1622000E710000,1000,470,220.3,66,87,12,140.2,36.1,9092917.7,18216.9,54,166.3,6.1,38.9,40.2,124.1,11,0,7,14.1,18.8,38.5,30.9,55.8,104.2,79.9,87.8,31,2
CRS5490RES1000mN1622000E711000,1000,1004.5,484.1,174,210.1,27.9,202.1,123.9,19584047.9,37007,261.9,222.2,11.9,65.1,78.8,286.1,42.2,99,32,21.1,60.4,91.6,74.1,124.8,220.7,157,159.9,62.9,0
CRS5490RES1000mN1622000E712000,1000,774,326.1,124,101,20.8,149,98.9,14484701.4,26178.9,173,153.1,2,17.8,33,253.1,20.2,107,30.1,14.5,53.2,92.6,61,94.8,181.9,124.9,95,24,2
CRS5490RES1000mN1622000E713000,1000,384,187,40,81.1,10,108,36,9090886.6,15292.1,85,102,1.8,18,34.2,120,13,0,24,5,27,29,22,59.9,75.9,51.1,71.1,19,0
CRS5490RES1000mN1622000E716000,1000,234.5,107.2,35.8,36,5.9,19.9,39.9,4639579.6,8360.1,84.2,23,1.2,0,4,102,0,77,9.9,2.8,14.2,33.5,23.1,30.9,66,36.8,16.2,1.1,0
CRS5490RES1000mN1622000E717000,1000,749.5,328.9,90,108.9,21.2,131.1,102.9,14939042.7,26234.1,159.7,169.2,6.7,30.2,57,214.9,20.1,0,31.2,31.3,63.5,74,44.8,124.9,137.2,115.7,105,21.9,0
CRS5490RES1000mN1622000E718000,1000,184.5,88.8,23,34,3.8,61.1,11.9,4343020.9,8438.1,29.1,59.7,4,5.2,27,49.6,3,0,5,3.2,10.7,13,9.2,24,38.6,34.7,29.2,16.9,0
CRS5490RES1000mN1622000E719000,1000,586.5,258,83.2,89.2,20.1,169,34.1,11605348.1,21224.9,59.9,198.1,1.7,41.2,78.9,120,16.2,0,13.9,11,26.6,48.4,34.3,74.9,126.9,109.2,113.1,27.2,1
CRS5490RES1000mN1622000E720000,1000,489,220.1,80.1,91.8,18,144,28.1,9820275.8,18094.3,45,175.1,8,40.2,49,98.9,24,0,8.6,8.5,25.7,38,30.1,51.1,111.9,102.9,68.1,44.1,0
CRS5490RES1000mN1622000E721000,1000,228,112,36.9,54.8,6,72.1,16,5107743.9,8779,17,95,0,24,23,40,25,0,9.9,3,14.4,12.4,11.1,20.1,46.1,43.9,46.1,21,0
CRS5490RES1000mN1622000E722000,1000,103.5,47,15.9,18.9,4.1,29,9.1,2139894.1,4264,10,37,1,9.1,10,25.9,1,0,4.5,4,7,10.1,5.1,10.1,19.9,11.9,24,5.9,1
CRS5490RES1000mN1623000E708000,1000,320,151.2,56,59,7.1,101,25.1,5860355.2,11750,25.9,125.3,2,26.1,26.9,82.2,14,0,6.9,0.9,10.1,29.2,12.2,34.8,66.1,75.3,59.9,24.6,0
CRS5490RES1000mN1623000E709000,1000,505.5,229,90.9,89.1,16.1,160.1,36.1,9201563.4,20157.1,47.9,181.1,3.8,22.9,23.1,123.2,56,0,10.8,7.1,30,46,25.5,42.9,107.1,93.1,102.9,39.1,1
CRS5490RES1000mN1623000E710000,1000,507.5,239,70,95.8,10.1,158.2,46.7,10785974.4,21134.9,62.1,176.9,11.3,22,56.1,137.8,11.8,20,10.7,8.1,30,47.6,22.9,67.9,99.1,105.1,81.1,34,1
CRS5490RES1000mN1623000E711000,1000,825.5,376.9,86.9,152.8,25.2,201.9,79.1,17645232.6,31317.8,130,246.9,8,47.9,69.7,221.2,30.1,5.9,19.7,13.4,62.4,68.6,56.7,76.8,161.2,141.8,162.8,62.1,0
CRS5490RES1000mN1623000E712000,1000,485,237,53.9,92.9,7,126.1,50.1,10987322.1,20507,142.1,94.9,0,6.8,35.1,188.9,6.2,37,16,9.1,18.4,41.5,32,61.9,84.1,73.1,128.1,20.8,0
CRS5490RES1000mN1623000E713000,1000,801.5,352,104.9,119,26,118.9,102,15101200.3,28710,253.1,98.9,6,10.9,25.9,270.2,39,184,28.5,24,66,75,54.1,123.1,155.9,151,101.9,22,0
CRS5490RES1000mN1623000E716000,1000,322,134,46,54.1,17,82.9,21.9,6266190.7,10888.1,27,107,0,17,15.8,77.2,24,1,7,6,12.6,28.5,24.1,45.1,75.9,66.1,35.8,20.9,0
CRS5490RES1000mN1623000E717000,1000,281.5,136.1,59,57.1,8,86,21,5721824.6,12152.9,39.1,97,4,24.1,34.9,62.1,11,0,8,4,12.1,18.5,19,28,71.9,60,40,20,0
CRS5490RES1000mN1623000E718000,1000,230.5,106.1,26.9,42.1,5,87.1,14,5020007.6,9747,17.9,88.2,3.1,16,24.1,56.9,6,0,3,2,9.9,19.3,14,13,66.1,46.9,44.1,11.2,1
CRS5490RES1000mN1623000E719000,1000,288,127.9,31.1,38.1,7,102,16.1,7412194.5,11595.1,17.9,110,1,8,28.8,75.1,15,0,12,8,10.1,20,20.1,36.9,58,52,60.9,10,0
CRS5490RES1000mN1623000E720000,1000,344.5,170,28,75.9,7,51,50,8445753.3,12022,130,40,0,1,5,162,2,0,22.5,12.9,35.5,33.5,26.9,87,65,40.1,17,3.1,1
CRS5490RES1000mN1623000E721000,1000,1473,754.1,200.1,356.1,30,414,130.1,32557221.9,62963,329.1,425,30,112,205,390,17.1,64,47.6,31.5,69,103.9,82,142.9,264.1,263.9,336.1,132,0
CRS5490RES1000mN1623000E722000,1000,93,58,22,36,1,26,11,1828605.8,4503.9,27.1,30.9,4,6,10,34,4,2,2,2,6,6,4,8.9,21,22,12,9.1,0
CRS5490RES1000mN1623000E723000,1000,83,44,11,20,1,32,8,1800684.9,4026,7,37,0,4,10,28,2,0,3,0,0,5,5,15,14,24,11,6,0
CRS5490RES1000mN1624000E712000,1000,349,157.2,52.9,59,11.9,97,30.1,6654546.3,13200.9,35,122.2,2,23.1,32,71.1,29,0,10.9,4.9,15,32.1,16.9,46,60,79.2,59,25,0
CRS5490RES1000mN1624000E713000,1000,390,172,52.9,69.9,14.1,93,32.3,7784264.6,14411.2,55,117,5.9,27.9,25.9,103,9.3,29,10.1,4,23.1,47.9,25.9,49,80.9,73.2,52.9,23,0
CRS5490RES1000mN1624000E714000,1000,199,92.9,31,41.1,6.1,59.9,13.1,4170777,8132,7.9,85,10.1,21.1,20.8,38.8,2.1,0,3,2.1,8.9,11,11.9,23,40.9,37,42,19.2,0
CRS5490RES1000mN1624000E715000,1000,358,151.8,51.9,58.1,12.1,104.3,27,6840842.1,12232,14.9,136.9,5.8,16.6,29.1,78.1,22.2,0,9.9,3.7,25,27,21.1,42.1,76.1,70.1,55.7,27.3,0
CRS5490RES1000mN1624000E716000,1000,204.5,93.8,37.1,40,8.6,60.9,15.1,3873797.5,8050.2,16.9,76.9,0.9,12.8,9.9,49,21.2,0,6,1.8,7,12.5,9.9,30.1,46.2,42.9,30,18.1,0
CRS5490RES1000mN1624000E717000,1000,244,113,34.8,36.1,5,73,25,5148093.7,9547,21.9,91.1,0.9,22,28,62.1,0,0,7.1,6.9,13,13.1,10.1,34.9,40.8,55,52,11.1,0
CRS5490RES1000mN1624000E718000,1000,561.5,258.8,81,97.9,14.9,176.2,46.2,11115332.6,20917.2,54.1,204.7,10.9,40.9,54.1,110.9,42,0,19.7,8.9,23.9,46.9,35.2,62.9,116.1,93,117.9,37,0
CRS5490RES1000mN1624000E719000,1000,561,246,83,84.1,14.1,164.9,28.9,11145051,21091.8,65.1,180.9,5.1,42.2,61,127.7,10,0,13,5,17.9,50,40.2,41,138.9,111.8,98.2,38,7
CRS5490RES1000mN1624000E720000,1000,494,206,57.1,56,16.9,133,69.8,10640105.1,19004.9,56.1,149.9,3,14,26.8,105.9,56.3,0,26,13.3,30.1,60.4,22.9,66.9,116.1,62,71.1,24.2,1
CRS5490RES1000mN1624000E721000,1000,1075.5,490.1,122.2,169.1,22.9,185.9,119.8,23291078.9,40289.2,282,208.1,6.8,40.9,96.2,339.2,7,226,25.9,17.6,65.1,115.1,72.9,140,194.8,237.1,169.9,37.1,0
CRS5490RES1000mN1624000E722000,1000,2217,948,362,284,56,281.1,391,37617294.3,70158,618.1,329.9,2.9,26.2,177.9,702,39,534,88.5,59.6,180.8,287,190.1,359.1,517.1,275,202.9,48.9,8
CRS5490RES1000mN1624000E723000,1000,110,56,14,28,2,38,6,2358164.1,4528,23,33,0,4,19,31,2,1,0,1,8,13,5,11,24,23,22,3,0
CRS5490RES1000mN1625000E712000,1000,294,118.1,55,38.9,14.1,75.9,26.2,5084662.9,9630.2,24.1,94,1,20.1,23.8,66.2,7,0,10.3,5.6,18.9,30,22.1,25.8,79.2,44.9,41,16.2,0
CRS5490RES1000mN1625000E713000,1000,78,31,12,11,3.9,20,7,1382627.5,2542,0,31,1,4.9,12,13.1,0,0,1.9,1.2,6.7,10,3,9.9,19.8,9.2,11,5.3,0
CRS5490RES1000mN1625000E714000,1000,311,126.9,54.9,52.8,10.1,83,14.9,5254088.5,9908.1,14,112.9,0.7,30.7,23.2,52.3,20,0,6.9,7,14.8,19.2,15,33.9,60.9,50,56.9,30.2,16.2
CRS5490RES1000mN1625000E715000,1000,77,30.8,9.1,12,5.2,17.8,5.2,1501597.8,2804.9,3,27.8,0.7,7.8,7.1,10,5.2,0,3.9,0.7,7.1,8.8,0.8,13.2,14,15.2,9.1,4.2,0
CRS5490RES1000mN1625000E716000,1000,343.5,172.2,58.1,79.1,8.1,110.9,26.1,6656315.1,15337.8,27.9,144.3,8,21,28,99.1,16.1,0,5.1,7.8,9.1,21.5,17.1,37,71.9,73.8,71.2,29,0
CRS5490RES1000mN1625000E717000,1000,1163.5,544.2,177,217.1,30.1,235.1,133,21854916.8,43756.9,268.1,276.1,5.1,36.1,73.2,394.7,35.1,219,36,13.5,56.6,114.8,90.4,142.9,251.1,218.8,183,53.3,3.1
CRS5490RES1000mN1625000E718000,1000,420,197.1,67.1,82.1,13,109.9,40.2,7956105.3,16724.8,50,147.1,3.8,46.9,48.2,81,17.2,0,5,11.9,17,43.9,17.2,48,84.1,71,82,39.2,0.7
CRS5490RES1000mN1625000E719000,1000,294.5,140,30.2,57,6.2,80.9,23.1,6709651.3,11974.8,39.4,100.6,1,19.9,30,74.1,15,0,8,3,17.7,28.2,16.9,36.1,57.1,59.3,48.1,20.1,0
CRS5490RES1000mN1625000E720000,1000,735.5,321,61.9,110.9,21,175,78.1,17640510.2,26494.9,152.1,168.9,2,19.9,46,241.1,12,0,26,17,65.1,93.5,28.9,136.1,165.8,95.1,82.1,24.9,1
CRS5490RES1000mN1625000E721000,1000,195.5,81,23.1,26.9,9,54.1,16.1,3767628.8,7142.9,33,48,0,2.9,16.2,54,7.9,0,5.4,4,10.5,26.4,11.2,22.1,48.8,34.9,25.2,7,0
CRS5490RES1000mN1625000E722000,1000,336.5,141.2,27,44,10,103.1,25,8626387.2,12495,40.1,101.1,0,2.1,11.1,116,12,0,22.2,5,19,36.4,16,46.9,91,49.9,40,10.1,0
CRS5490RES1000mN1625000E723000,1000,48,18,4,4.9,3,11.1,3,1116900.2,1966.1,1,17,0,0,4,14,0,0,2.9,1,6.9,4.8,0,7.1,10,5,9.1,1.2,0
CRS5490RES1000mN1626000E695000,1000,390,180,44,64,10,83,40,8156551.2,14061.1,55.1,124.9,6,36,52,86,0,0,14,9,19.5,26.5,22,34.8,78.9,55,70.2,60.1,0
CRS5490RES1000mN1626000E696000,1000,155.5,74.1,8.1,27,2.2,35.1,8.1,4015044.3,5524.1,38,36.1,6.1,3.1,7.8,57.1,0,0,7.9,5,6.5,7,6.2,33,29.9,30,25.9,4.1,0
CRS5490RES1000mN1626000E697000,1000,304.5,132.8,39.1,34.9,8.8,41.3,53.9,6267186.3,10306.1,87.2,45.6,0,0,13.8,118,1,78,14.2,20,25.3,32.4,22.9,55.1,58.3,29.7,32.4,14.2,0
CRS5490RES1000mN1626000E712000,1000,332,135.7,44.9,45,14.8,93,31,6181250.3,11641.8,15.9,119.8,2.6,13.2,21.1,68.8,30,0,15,3.7,26.8,34.3,19,37,69.9,57.8,51.1,17.4,0
CRS5490RES1000mN1626000E713000,1000,214,99,39.2,35.9,5.9,67.9,13,4046622.2,8491.1,16.1,82.9,1.2,21.1,20.8,50.6,5.3,0,6,1.8,5.3,12.1,14.1,20.2,37.8,50.8,40.8,25.1,0
CRS5490RES1000mN1626000E714000,1000,185,92.1,41,37,3,33.8,34.1,3032620.5,7393,38.3,53.8,4.2,15.8,11.2,29.9,31,0,7,3,14.9,19.7,11.2,23,37.8,33,22.1,13.3,0
CRS5490RES1000mN1626000E715000,1000,287,135.9,24,44.9,7,99,22,6826175.5,11596,18.9,117,6,11.9,35.9,69.1,13,0,3.9,1,13.5,18.5,16,21,60.9,60.1,65,27.1,0
CRS5490RES1000mN1626000E716000,1000,323,152.1,53.9,64.9,12,105,16.1,6448199.7,12952.1,13.1,139,3.9,23.9,32.2,75.1,17,0,6,0,17,29.9,11.9,29.1,76.1,56,75,22,0
CRS5490RES1000mN1626000E717000,1000,273,120.7,34.9,37.9,8.1,88.1,21.9,5738441.8,10592.4,11.8,108.9,3.9,13,38,55.9,9.9,0,3.8,1,12.8,22.8,12.2,29,54.9,49.2,64.9,22.4,0
CRS5490RES1000mN1627000E695000,1000,714,336,95.2,141.1,18,185.8,71,14242298.1,26476.1,104,232,8,31,117.8,179.2,0,51,16.5,9.5,26.5,65.5,45.9,76,133.2,134.9,143,63,0
CRS5490RES1000mN1627000E696000,1000,289,126,24.1,44,10,84.9,20.1,6586003.2,11471.1,26.2,99.8,0,0,24.7,100.3,1,0,7,3,11,17.1,19,32,67,53,66,13.9,0
CRS5490RES1000mN1627000E697000,1000,76,27,4.1,7.1,4.1,18.9,1.9,2069328,2665,5,22,0,0.9,4.2,21.9,0,0,4.1,3,12.9,6,5,9,16.9,12.1,6.1,0.9,0
CRS5490RES1000mN1627000E712000,1000,294.5,126.9,43.9,50.1,12.3,85,16.1,5709881.8,10829.2,15.8,111.1,1.7,21,37,65.1,2.1,0,9.3,5.9,9.1,18.3,19.9,39.8,45.1,75.1,41,31,0
CRS5490RES1000mN1627000E713000,1000,257,132.7,48,67.1,6,83.2,18.1,4906153.5,10662.1,22.1,110.6,11.9,27.8,33.9,47.4,11.7,0,8.8,2.1,12.9,13.2,5,26.1,37,53,72.7,26.2,0
CRS5490RES1000mN1627000E714000,1000,796.5,365.9,137.1,144.1,24,155,102.1,14676448.2,28548,148.8,217.1,19.9,54.1,63.9,177,51,71,18.5,21.9,48.1,97.1,52,104.1,186.9,112,103,52.9,0
CRS5490RES1000mN1627000E715000,1000,823,368,108.1,136,24.9,142.1,95,15862692.7,29500.9,188,180,4.9,48,149.1,160.9,5.1,170,24,16.9,59,88.3,54.5,99,171,149.1,117.2,42,2
CRS5490RES1000mN1627000E716000,1000,139,70,26.1,34.2,4,45.9,7,2768668.1,5967,4.9,65.1,0.9,19,13.1,33,4,0,2.7,3,7.1,3,9,15,19.9,29.2,32,18.1,0
CRS5490RES1000mN1627000E717000,1000,322,158.9,59.2,83.2,7,95.2,22.9,6170715.4,13180.8,15,143.9,9.7,30.3,25.7,79.9,13.3,0,7.7,3.9,16.1,29,22.8,29.3,67,76.1,41.1,29,0
CRS5490RES1000mN1628000E696000,1000,51,18.1,2.1,2.1,3,14,2.1,1579437,1898,0.9,17.2,0,0,2.1,15.1,0.9,0,2.1,0,11,5,0.9,4.1,14.8,5,6,2.1,0
CRS5490RES1000mN1628000E697000,1000,128,50,6,15.9,7.1,35.9,6.1,2890756,4247.9,13,37,0,1,19,30,0,0,2.9,0,8,9.9,11.9,11.1,32.1,19.1,21,12,0
CRS5490RES1000mN1628000E712000,1000,113,52,24.8,18,3.9,37.2,10.1,1986734.3,4064.8,3.1,48.9,1.1,9,13.8,24,4.1,0,2,1.1,5,9.9,3.9,7.9,24,26,17.2,16,0
CRS5490RES1000mN1628000E713000,1000,396,182.2,86.8,70.9,11.8,118.3,34.2,6468735.2,14802.9,40.8,141.4,4.8,15.1,49.1,96.2,17,0,12,1.1,19.5,37.5,24.2,40.1,78.2,81,79.7,22.7,0
CRS5490RES1000mN1628000E714000,1000,277.5,134.2,38.9,53.8,6.8,87.9,22.8,5298362.3,12175.9,26.3,107.9,7,19,19.8,78.9,9.5,0,5.4,1.9,11.4,21.5,18.4,37.3,48.8,53.8,54.8,24.2,0
CRS5490RES1000mN1628000E715000,1000,286.5,136.1,50.2,54.2,4,91,29.9,5368314.4,11381,10,126.1,8.8,15.1,27.9,51.2,33.1,0,7,4.9,11,23.6,15.1,14.8,67.1,56,64.1,22.9,0
CRS5490RES1000mN1628000E716000,1000,111,51,16,17.8,4.1,35.8,11.1,2332545.4,4876,5,46,4,10.1,17.9,19,0,0,0.8,0,0,15,4.2,10,17,17.2,33.1,13.7,0
CRS5490RES1000mN1628000E717000,1000,76,38,14,13.9,1.9,24,6.1,1315603,2820,5.1,32.9,0,7,9.9,17.1,4,0,0,0,0.9,6.1,3.2,1.9,22.2,15.9,16.9,8.9,0
CRS5490RES1000mN1628000E718000,1000,172,73.9,21.1,22.9,5.1,48.9,10.9,3440163.7,6512.1,4.9,69,5.1,11.9,8,33.9,15,0,4.1,1.9,7.1,16.1,4.1,20,36,35.9,31.9,14.9,0
CRS5490RES1000mN1628000E719000,1000,65,32,7,11.9,0,21,4,1554786.5,2827,1.9,30.1,3.9,0,0,19,9.1,0,0,0,2,3,3,3,13,21,13,7,0
CRS5490RES1000mN1629000E696000,1000,109,56.9,15.8,21.8,0.8,37,6.8,2477092.8,5441.1,8.8,48.1,0.9,2.9,8,45.1,0,0,1.9,0.9,2.9,4.4,6.1,13,21.8,13,36.1,8.9,0
CRS5490RES1000mN1629000E697000,1000,33,13.9,3.1,5.1,1.1,6.9,1.1,749581.8,1125.9,0.8,13.1,0,0,3.2,10.7,0,0,0,0.8,0,3.1,3.1,4.9,6.1,9.9,4,1.1,0
CRS5490RES1000mN1629000E700000,1000,101,43.9,20.2,20.2,4.8,20.2,8.2,1847733.9,2992,0.7,43.2,4.2,9,18.9,11.8,0,0,1.9,0.9,5,3.1,5.9,9.2,24.9,18,19.1,13,0
CRS5490RES1000mN1629000E701000,1000,43,23,9,9,0,11,8.1,692759.2,1596,5.8,17.2,0.9,8,10,4.1,0,0,0,0,0,4.1,2,1.9,5.1,8.9,15.9,5.1,0
CRS5490RES1000mN1629000E712000,1000,247.5,119,42.1,42.8,3.1,76,23.9,4608744.8,10628.1,25,94,1.9,26,32.9,55.2,3,0,3.8,4,3.9,16.7,11,17.9,53,51.1,61.1,25,0
CRS5490RES1000mN1629000E713000,1000,372,157.8,56.9,54.9,11.9,72.9,44.9,6558497.1,12593.1,66,91.8,4.1,11.9,24.1,104.7,13,52,14,6,23.9,54.9,24.1,45.1,80.9,48,54,21.1,0
CRS5490RES1000mN1629000E714000,1000,173,81,23.9,32.1,3,60.9,10,3787191.1,6858.9,6,75,0,12,19.9,43.9,5.2,0,2,1,9,15,12,14.9,42.1,28.1,33.9,15,0
CRS5490RES1000mN1629000E715000,1000,85.5,43,13.9,20,0.9,31,4,1622126,3556,1.9,41.1,0,5,16.9,21.1,0,0,0,0,3.9,8.5,4,6.9,21.1,15.1,21,5,0
CRS5490RES1000mN1629000E716000,1000,108,44.8,9.9,17.1,7,32.9,8,2330130.8,4263.1,8.9,35.9,1,2.9,9.9,24,7,0,5.8,0.9,14,3.8,5.9,9.2,22.2,20.1,19,7.1,0
CRS5490RES1000mN1629000E717000,1000,28.5,13.1,2,5.2,1,6.9,3,567020.8,1322,3,10.1,0,2,4,5.1,2,0,0,0,2,3.3,0,1,11.9,4.2,5.1,1,0
CRS5490RES1000mN1629000E718000,1000,260,122.1,34.2,50,8.9,73.9,21,6073994.6,11855.8,25,97.1,3.9,13.9,4.1,85.2,15,0,4.9,5.1,14.8,18.1,15,26,54,45,56.2,19.9,1
CRS5490RES1000mN1629000E719000,1000,346,162,38.9,58.8,8.1,105.1,26,7810386.8,15545.9,28,134,4.1,15.9,34.7,89.1,18.2,0,6.2,8.2,23.1,27,16,30.8,73.2,58,66.7,36.8,0
CRS5490RES1000mN1630000E696000,1000,1146.5,610,264.9,309,28,221,115,19303481.1,43327,202,408,45,236,107,219,3,126,25,18,49.4,70.5,49.5,137.9,227.1,228,209.1,132,0
CRS5490RES1000mN1630000E697000,1000,44,21.1,4,8.1,1.8,13.1,4.9,1039501.4,1786.9,0,21.1,0,0,10.1,11,0,0,0.7,0,0,1.1,4.9,8.2,7,7.1,13.2,1.8,0
CRS5490RES1000mN1630000E712000,1000,125,58,24,19.9,2.9,30,18,1965645.7,4941,22.9,35.1,0,14,4,32.1,7.9,0,4,1.2,5.4,7.4,14,13,22,27,19,12,0
CRS5490RES1000mN1630000E713000,1000,688,311.2,161,123.3,24,178,72.1,10977988.8,25425.9,134.1,177.1,1.8,63.1,46.2,170,30.1,0,23,18.8,40.9,57.1,34.2,79.9,165,134.1,76,59,0
CRS5490RES1000mN1630000E714000,1000,443,213.2,81.2,78.1,8.1,91,69,7865894.3,17087,101,112.2,5.3,13,42.8,124.8,27.3,29,5.9,6.1,29.3,60.8,31.1,43,123.9,73.9,53.1,15.9,0
CRS5490RES1000mN1630000E715000,1000,37,12.1,3,2,2,10.1,2,822935.1,1345.1,0,12.1,0,2,4.1,6,0,0,1,1,0,3.1,4.1,5,8.8,7,6,1,0
CRS5490RES1000mN1630000E718000,1000,695,302,48.8,112.9,27,210.2,48,18720696.7,30260,54.9,247.1,13.3,28.9,65.8,182.9,11.1,0,19.9,13.1,52.1,68.3,49.4,69,153,85.1,137,48.1,0
CRS5490RES1000mN1630000E719000,1000,907,476,167,224,17,158,112,17083620.6,34139,222.1,253.9,34,232,98,83,29,136,20,6,43.5,76,52.5,75,175,169,187,102,1
CRS5490RES1000mN1630000E720000,1000,999.5,483,105.9,199.9,20.9,235,119.1,23463712,38087,344,139,1,10,91.9,351,29.1,31,46.4,19,61,101.4,70.5,149.1,209.9,178,136.2,28,0
CRS5490RES1000mN1630000E721000,1000,993.5,446.1,129.9,179.9,34.9,136.9,134.9,18843915.7,33905,332.1,114,0,7.1,232.9,202.1,4,261,50,26,70,124.6,69.9,132.9,196,151,145,28.1,0
CRS5490RES1000mN1631000E696000,1000,1261,612,276.1,273.1,36.1,235,140.9,20728312.7,42309.1,236,376,68.1,120,97.9,326,0,160,55,24.9,62.1,105.9,66,162.9,213.1,248.1,227,96,0
CRS5490RES1000mN1631000E697000,1000,107,48.1,15,17,4.8,34.8,5.8,2225292.1,3960.2,3.1,45,2.1,3,28,14,1,0,0,0,0.9,12.9,8,6.1,16,29,20,14.1,0
CRS5490RES1000mN1631000E712000,1000,848.5,403,213.9,153,17,284.9,83.9,13387384.6,33442.1,121.1,281.9,10,59.1,48,255.8,30.1,0,18,12,33,69.6,29.9,100.9,201,169.9,149,65.2,0
CRS5490RES1000mN1631000E713000,1000,1022,465,213.1,176.1,28,263.1,87.1,16637194.2,39188,184.1,280.9,11,130,95,204,25,0,23.9,20.5,54,60.5,45,113.1,213.1,190.1,184.1,115.8,1.9
CRS5490RES1000mN1631000E714000,1000,585.5,261,118,101,19,151.9,46.1,9633093,23073.8,85,176,4,54.1,47,136.9,19,11,10.9,7.3,22.2,53.9,32.9,57.1,149.2,92.9,110.7,48.4,0
CRS5490RES1000mN1631000E715000,1000,498.5,225.1,106,78.1,11,127.9,52.9,7956101.1,19561.1,83,142.1,3.8,44.9,31,124.2,21.2,0,9.2,11,34,41.5,33,58,113,76.9,84.9,36,1
CRS5490RES1000mN1631000E718000,1000,469.5,213.6,49,72.9,9.1,112,46.9,10766056.5,20619,93.9,119.7,1,3.8,57.9,133.9,17,54,11.1,7,20.4,55.9,25.9,54,113.2,71.9,83,27.1,0
CRS5490RES1000mN1631000E719000,1000,445,186,45,70,15,51,20,10135012.6,13927,111,75,12,22,30,117,5,35,29,12,44,31.5,11.5,101.9,78.1,60,46,31,0
CRS5490RES1000mN1631000E720000,1000,92,42.1,7.1,14,1.9,14,11.1,2069345.7,2988.1,23.1,19,0,2.1,9.9,29.2,0.9,19,2.1,2,6.9,10.9,7,5,17.1,26,10,5,0
CRS5490RES1000mN1631000E721000,1000,907,413.9,146,154,26,105.9,139,15609563.9,31468,305,108.9,0,0,36.9,366,11,281,27,20,50,114.9,77,107,209,162,112.1,25,3
CRS5490RES1000mN1632000E723000,1000,216.5,115,29,52,2,63,19.9,5105911.8,9308,51.1,63.9,1.9,10,37.1,57,9,0,2.9,4,13.3,13,14,20.9,47.2,27,52.2,22,0
CRS5490RES1000mN1632000E724000,1000,621,295.9,106,131.1,19,121,61.1,11497999.9,21582,140.9,155,8,40.9,38,189,20,104,19.5,12.5,24.9,67,35.9,73.9,140.1,102.2,97.1,39.9,8
CRS5490RES1000mN1632000E725000,1000,163,75.2,20.8,28,1.9,42,14.1,3714295,6241,9.2,66,0,8.1,12.1,45.1,9.9,0,5.1,0.9,11.9,17.1,5.3,21.9,45.9,29.1,16.1,9.7,0
CRS5490RES1000mN1633000E725000,1000,242,116.1,23,45.9,4,49,23,6672945.7,8898.1,59,57.1,0,3.1,33,66,14,0,9,8,23,25,8,43,67.1,22,30.9,6,0
CRS5490RES1000mN1644000E696000,1000,43,21,9,8,0,3,6,667723.3,1599,14,7,1,1,2,17,0,0,1,1,1.9,3,5,2,9,13,5,2.1,0
CRS5490RES1000mN1644000E700000,1000,111,52,25,19,4,20,9,1705022,3343,13,39,1,12,18,21,0,12,0,1,2,10.9,8.1,7,23,18,27,14,0
CRS5490RES1000mN1644000E701000,1000,356,161,38,60.9,11,108,29.9,7310892,14737,21.9,139.1,1,29,40,91,0,12,4.9,4.9,12.5,28.4,25,42.9,69.1,79.2,56.1,33,0
CRS5490RES1000mN1644000E702000,1000,910,424,174.6,173,22,171,96,16089657.5,34188,142,282,12,74,99,236,3,85,34,20,41.5,78.5,57,120,149,181,138,91,0
CRS5490RES1000mN1644000E703000,1000,546,240,122,82,20,143,45,8432884.2,17952,36,204,1,5,164,70,0,23,13,10,21.5,38.5,19,50,110,101,125,58,0
CRS5490RES1000mN1645000E696000,1000,131,61.9,18,25.1,2,32,4.1,2643855.7,4973.1,17,44.9,0,8,15,38.9,0,10,3,3,4,4,1,20.8,21,42,20.2,12,0
CRS5490RES1000mN1645000E699000,1000,326.5,148,67,59,12.9,59.1,31.1,5300410,10690,40.1,107.9,11,32.1,54.9,50,0,27,3.9,5,20.5,26,19,40,63,57,57,35.1,0
CRS5490RES1000mN1645000E700000,1000,353.5,132.1,54,38,16,57,39.1,5827686.2,7729,32,100.1,6.1,13.9,54.1,57,1,26,10.5,6,24,28,22,57,48.9,80,52.1,25,0
CRS5490RES16000mN1632000E704000,16000,20301,9364.8,3777.8,3725.5,583.000000000003,5125.10000000001,1831.7,354032150.9,757866.999999999,2686.99999999999,6677.8,392.9,1344,2176.2,4799.49999999999,652.200000000003,950.8,489.400000000001,298.499999999999,951.700000000004,1664.1,1085.8,2274.2,4092.9,3984.5,3693.1,1719.6,47.2
CRS5490RES2000mN1596000E730000,2000,508,213.9,89.7,71.9,16.8,58.1,71.8,8198552.3,17462.1,142,71.9,0,1.9,36.2,172.8,3,139,10,12,28.9,61.7,34.6,80.2,106.1,75.6,75,16.9,7
CRS5490RES2000mN1598000E728000,2000,198.5,95,29.9,44.9,5.9,44,23.9,3888032.5,5798.1,49.9,45.1,1,31.1,13.9,47.8,1.2,34,8,4.9,17.6,16.1,16.3,25.1,39.8,32,22.8,15.9,0
CRS5490RES2000mN1600000E708000,2000,626.5,272,99.8,92.8,19.9,171.9,47.9,12072547.4,22389.1,89.1,182.9,2,20.8,48.1,189.9,11.2,0,13,8.8,27.2,54.7,39.3,66.9,140.9,130.6,115.2,28.9,1
CRS5490RES2000mN1600000E710000,2000,585.5,261.1,65,87.1,18.9,168.1,45,14454240.2,20725.1,77,184.1,1,18,108.9,121.1,12.1,22,15.4,4.9,27.9,70.4,30.5,53.1,157,100.1,93.2,33,0
CRS5490RES2000mN1602000E708000,2000,170,69.9,29.8,21.3,6.9,32.7,17,2893710,5608.8,34.1,35.8,0,8.1,6.9,50.9,4,0,7,5.2,14.9,14.9,10,31,31,24.9,28.2,2.9,0
CRS5490RES2000mN1602000E714000,2000,784,352.1,83.9,114,19.1,189.9,89.4,17967504.3,29748.9,154,198.1,0.9,7.9,47,265.8,30.5,58,26.7,17.2,52,75.4,44.5,119.9,158.1,133.1,122.1,33.9,1.1
CRS5490RES2000mN1602000E716000,2000,1462.5,691,133.1,281.1,31.1,332,161.1,33975849.1,52291.1,344,347,3,11,57.1,607,12.9,118,56.1,32.9,93.6,145.4,95.5,215,350,265,181,28,0
CRS5490RES2000mN1602000E718000,2000,38,20,3,6.1,0,16.9,0,1116332.4,1741.9,2,18,0,1,1,18,0,0,0,0,0,1.9,1,1,7,14,11,2.1,0
CRS5490RES2000mN1602000E720000,2000,806,338,82.9,95,19.1,255.3,64.3,19771342.4,30507.1,39.4,298.6,4.1,14.9,38.3,240.8,39.9,0,18.5,11.9,39.4,88.9,71.7,64.8,226.3,126,123,33.5,2
CRS5490RES2000mN1604000E706000,2000,243.5,119.9,59.9,54.8,5.8,70.2,8.9,3908212,9838.6,36.9,83,0,10.8,15.9,74,19.2,0,4.3,3.8,6,18.8,13.1,24.2,47,50,60.1,16.2,0
CRS5490RES2000mN1604000E708000,2000,103,49,20.8,15.7,0.9,32.9,6.1,2004433.2,3859.9,0,49,0,5.7,4.1,35.1,4.1,0,0.9,0,4,7.3,8.2,4,22.4,26,20.8,9.4,0
CRS5490RES2000mN1604000E710000,2000,203.5,83,21,27.2,6,61.1,18.1,4262586.9,7179.3,10.1,72.9,1.8,1.8,7.4,61.8,10.2,0,8.8,3.9,9,11.6,18.2,29.1,49.1,32.8,32.1,8.9,0
CRS5490RES2000mN1604000E712000,2000,81,36.2,14,14.9,1.7,21.9,6.1,1561604.8,2760,12.9,23.3,0,5.3,1.1,27.8,2,0,4.8,1,0,4.8,5.2,13.1,18.1,16.9,15,2.1,0
CRS5490RES2000mN1604000E714000,2000,51,27.7,6,15.9,1.1,15.9,6,1260125.5,2199.9,0.7,27,0,0,5.8,17.9,4,0,1.8,1.1,0,1.8,3.9,3.3,21.1,4,12,2,0
CRS5490RES2000mN1604000E726000,2000,336,135.9,43.8,35.6,13,89.9,26,6928182.7,11618,22.9,113,1.9,13,26,69.1,25.9,0,10.9,5,21.2,32.9,10.5,41.8,72.8,64.8,61.8,14.3,0
CRS5490RES2000mN1604000E732000,2000,137,62,18.2,31,6,48.3,6,3082855.7,5760.1,13,49,0,6.1,9.1,45.8,1,0,1.1,1,9.1,14,6.3,13,35.7,27.5,20.2,9.1,0
CRS5490RES2000mN1606000E710000,2000,1100.5,506.2,152.7,202.8,29.5,235.8,117.5,22548577.3,40859,218.3,287.9,4.6,37.2,78.1,321.2,65.1,146,42.4,22.2,72.1,99,70.4,150,240.9,230.1,132.4,41,0
CRS5490RES2000mN1606000E712000,2000,294,128.9,27,39.2,8.2,84.9,21,7954128.2,11617,26,102.9,0,5,15.9,89,19,0,7.8,7,16,36.5,16.5,28,80.2,48.9,46,3.9,3.2
CRS5490RES2000mN1606000E714000,2000,115,46.1,12.2,14,4.8,23.1,6.1,2572526,4701.9,9,37.1,0,8,4,24,10.1,0,2,2,5.1,13.9,12.9,7.8,33.2,23,8.9,6.2,0
CRS5490RES2000mN1606000E716000,2000,1355.5,665.2,230,292.2,38,269,159,24734180,49581.8,289.1,376.1,3.6,41.3,254.1,336.8,29.4,180,33.4,19.4,89.3,122.1,72.5,150.1,285.1,250.8,232.9,98.9,1
CRS5490RES2000mN1606000E718000,2000,1333.5,609.8,153,229.7,33.1,385.9,119.1,29853967.4,52042.2,197,412.8,19,2.8,315.2,255.8,17,62,22.4,20,74,121.5,80.5,169,265.7,255.1,262.2,52.1,11
CRS5490RES2000mN1606000E730000,2000,360,173.8,85.2,81.1,9,120.8,33.2,6128501.2,14557.9,22.8,151,6,17.3,21,117.7,11.8,0,7.2,0.9,14.8,29.7,26,37.3,81.6,78.1,54.2,30.2,0
CRS5490RES2000mN1606000E732000,2000,67,33.1,7.1,16,2.9,23.1,1.8,1790168.7,3502,3.3,29.8,1.9,5,7.1,17.1,2,0,0,0.9,2.1,0.9,2.8,5,14,14,23.9,3.4,0
CRS5490RES2000mN1608000E708000,2000,1489,824.1,165,421.8,20.1,351,119.2,37445007,52533.9,569.1,255,5,44,127.1,555.7,92.3,7,43.4,31.9,59,125.8,67,198,372.2,250.2,280.3,59.2,2
CRS5490RES2000mN1608000E710000,2000,2012,978.2,256.1,414.9,42.2,443.2,223.1,44799836.5,71030,526.1,452.1,21.9,50,207.1,594.1,105.1,215,70.1,46,124.6,222.7,118.4,238.7,482.1,321,290.1,97.3,1
CRS5490RES2000mN1608000E718000,2000,923.5,428,113.8,164,24.9,182.2,123.9,19706067.6,34301,184,244,4,64.1,79,261,19.9,134,32,18.9,75.9,80.4,63.8,130,174,146,132.3,55.2,15
CRS5490RES2000mN1610000E716000,2000,566,237,65.9,80.9,25,169,44,12717332.3,21307,65.1,171.9,1,2,80.9,151,2.1,0,11.5,11,26.4,51.1,35.1,66,112.9,101.9,119,29.1,2
CRS5490RES2000mN1612000E716000,2000,1712.5,780.8,139.9,276.1,36.1,495.8,144.1,42017401.7,66229,220.1,560.7,0,44,229.8,503,4,22,48.9,30,75.6,163.1,86,213.1,325.9,280.9,378,111,0
CRS5490RES2000mN1612000E732000,2000,21,12.9,4,7,0,8.1,2,541000.1,1146.9,0,12.9,0,0.9,10.9,1.1,0,0,2,0,0,1.1,0,2.9,2,5,8,0,0
CRS5490RES2000mN1614000E710000,2000,1987.5,995,202.9,458,46,298,243,43935470.3,66685,609,386,2,279,117,591,6,346,89.5,43.4,102.4,188.5,114.5,332,445,290.2,268,111,3
CRS5490RES2000mN1614000E718000,2000,295.5,112.7,21.8,26.1,9.8,90.8,12.4,7551108,11262,16.7,96,2,1.9,34.2,70.6,4,0,10.2,5.9,12.2,21.6,15.7,37.2,64.2,64.7,52.8,11,0
CRS5490RES2000mN1614000E730000,2000,71,27.1,1.1,6,3.1,16,0,2851780.7,4890.9,0,27.1,0,4.8,5.3,16,1,0,3,1,1.1,6,7.8,7.9,12.9,14.1,14.2,3,0
CRS5490RES2000mN1616000E722000,2000,250.5,103.1,36.1,31.9,8.9,84.9,24.1,5322181,9482.8,16.1,87,6.8,7.3,15,71.9,2.1,0,2,2.1,15.2,33.6,10.9,28.9,58,40.5,32,27.3,0
CRS5490RES2000mN1616000E724000,2000,2222,991,305.1,367,73.7,283.3,296.9,42863814.9,77767.1,588.8,402.2,14.9,78.6,212,652.1,33.4,434,91.8,41.1,143.9,237.1,154,285.9,465.9,349.9,308.1,142.3,2
CRS5490RES2000mN1618000E726000,2000,201,83.3,12.9,21.3,7.2,75.1,9.7,6666644,8943,3,80.3,0.8,2.1,16,62.3,2.1,0,3.8,2.9,11.1,23.1,12,30.9,45.3,33.4,28,10.5,0
CRS5490RES2000mN1620000E714000,2000,1980,860,224.9,282.1,52,468,216.9,42846358.1,74076,327.8,532.2,12.6,70,139.9,584.5,53,142,97,65,119.4,190.4,121.5,311,410,306.6,286.1,71,2
CRS5490RES2000mN1620000E722000,2000,463,232.9,76.2,102,9.1,154.1,32.2,8877789.7,18289.1,35.9,197,6.6,37.7,58.2,95.9,34.5,0,9.3,8.4,20.7,27.1,18.6,49.8,95.2,87.7,104,35.2,7
CRS5490RES2000mN1620000E724000,2000,800,354.8,129.9,129,27,142.9,124,14784170.3,28172.1,177.6,177.2,1.8,15.5,56.3,214.9,66.3,105.9,40.9,17,72.4,100.7,55.8,137,168.2,113.1,80.3,14.6,0
CRS5490RES2000mN1622000E704000,2000,81,40,10.9,14.9,2,25.8,5.2,1578417.1,3460.2,5.9,34.1,1.3,4.9,21.8,12,0,0,0.7,2.1,2.3,6.9,1,5.9,25.2,14.9,12.8,9.2,0
CRS5490RES2000mN1622000E706000,2000,64,25.2,5.1,11,5.1,16,2,1299237.5,2269,3,22.2,0.8,5,10,8.1,1.3,0,1.9,0,5.1,2,3.2,11.9,2.8,15.8,16.3,5,0
CRS5490RES2000mN1622000E714000,2000,660,281,88.4,97.1000000000001,28.2,191.3,45.8,13297781.6,23201.2,37,244,13.2,42.7,67.8,115.3,42,0,21.8,14.7,34.2,59.8,34,66.1,133.8,132.6,112.2,50.8,0
CRS5490RES2000mN1622000E724000,2000,139,71.9,13.9,31.9,3.1,52.1,8.1,3379180.9,7712,24,47.9,0,4.8,33,33.1,1,0,4.1,3.1,2.8,9.1,4,16.9,30.1,18,38,12.9,0
CRS5490RES2000mN1622000E726000,2000,102,47.9,4,17,1,32,6,3580040.9,5969.9,10.9,37,0,2.9,6.1,38.9,0,0,2.4,1,2,9.5,10,11,22,24,17.1,2,1
CRS5490RES2000mN1624000E696000,2000,476.5,211.3,46.7,72.2,13.9,147.8,29.9,12309872.2,18515.2,50.3,161,1,11.9,55.9,142.5,0,0,11.2,4,21,39.2,34.4,53.1,103.1,83.9,86.2,40.4,0
CRS5490RES2000mN1624000E698000,2000,266.5,112.5,20.5,37.2,10.9,88.1,9.9,6948589.9,10668,24.6,87.9,0,6.1,40.7,64.7,1,0,9.4,6.6,11.3,14.7,11.9,28.2,57,51.1,57.8,18.5,0
CRS5490RES2000mN1626000E698000,2000,877.5,375.7,102.9,118.1,26.6,202.7,86.5,20055707.3,31915.9,120.6,255.1,6.8,48.1,105.1,214.7,1,0,11.8,11.8,39.8,85,54.8,103.4,183.7,140.7,189.8,56.7,0
CRS5490RES2000mN1626000E718000,2000,608.5,295.1,91.8,138.5,19.5,175.8,40,12034212.6,23966.7,43.9,251.2,8.6,50.9,55,137.1,43.5,0,14.7,5.69999999999999,25.2,52.9,39,62.9,115.7,123.6,117,51.8,0
CRS5490RES2000mN1626000E720000,2000,508.5,224.9,74,85,16.1,176,34.1,9428926.8,18385.2,35,189.9,6,12.9,49.9,132.1,24,0,6,5.9,22.9,41.9,30.2,56,117.6,90.1,105.9,32,0
CRS5490RES2000mN1626000E722000,2000,201,103.9,45.1,54,3.8,66,14.8,3204799.3,7098,8.9,95,2.6,4.1,34.2,51,12,0,7,5.9,9.1,17.9,3.1,36.8,40.1,40,35,6.1,0
CRS5490RES2000mN1628000E698000,2000,61,30,5.1,16.1,3.1,24,6.1,1377977.7,2637,3,27,0,1.5,7.5,20.1,0.9,0,2.9,0,5.9,6,3,5.6,15.4,8.1,7,7.1,0
CRS5490RES2000mN1628000E720000,2000,436.5,187,70.9,61.9,12,127,34,7920998.4,14471.1,15.1,171.9,11,13.9,62.1,77.9,22.1,0,13.5,9.9,15.1,28,23.1,46.2,95.7,87.9,74.9,41,1.2
CRS5490RES2000mN1630000E698000,2000,105,51.1,17,19.3,1,33.9,10.2,1979384.1,4326,8.9,42.2,1,2.1,9.8,38.2,0,0,2.9,0,2.2,8.8,15,7.3,21.5,25.6,15.1,6.6,0
CRS5490RES2000mN1630000E700000,2000,349,175,67.8,72.8,6.9,94,34.2,6004767.3,12612,26.6,148.4,4.9,36.7,50.3,83.1,0,17,7.7,1.9,10,19.9,15.1,32.9,75.4,78.3,70.9,34.9,2
CRS5490RES2000mN1630000E702000,2000,45.5,16.3,7.2,4,3.1,12,4,1057010.4,1610.9,0,16.3,1,4.1,2.1,9.1,0,0,0,1.9,3,1.5,2.1,4,9.1,13.9,5.9,4.1,0
CRS5490RES2000mN1630000E716000,2000,685.5,311.1,74.1,106.9,18.1,211.7,49.1,15877218.2,29601,53.1,258,5.9,33.9,66.6,179.9,24.8,0,8.9,12.7,28.3,56.5,33.8,56,144.8,116.1,159.7,68.1,0.6
CRS5490RES2000mN1632000E726000,2000,93.5,34,2,5,1,23,5,3259144.1,3265.1,9,25,0,1.9,2,28,2.1,0,6,3,5.5,9.1,7.1,15.9,24,15.9,4,1,2
CRS5490RES200mN1603000E707000,200,36.5,16,5,8,2,11,1,629887,1536,2,14,0,0,14,2,0,0,0,1,1,2.5,4,3,9,3,9,4,0
CRS5490RES200mN1603400E707000,200,108,43,14,10,5,0,27,1598150.3,2673,43,0,0,0,0,43,0,43,6,5,12,25,7,20,16,12,4,1,0
CRS5490RES200mN1610000E709600,200,60,32,3,12,0,19,1,2308891.7,2414,31,1,0,0,0,31,1,0,1,1,4,1,2,6,13,15,16,1,0
CRS5490RES200mN1610000E709800,200,63.5,42,14,27,1,20,6,1451938.9,2070,32,10,0,2,16,4,20,0,1,1,1.5,1,3,10,9,16,17,4,0
CRS5490RES200mN1610000E710000,200,33,27,10,21,0,18,2,776163.6,1755,15,12,0,4,14,7,2,0,0,0,0,0,1,3,3,8,10,8,0
CRS5490RES200mN1610200E709800,200,19,13,2,7,0,8,2,483058.8,647,13,0,0,0,8,3,2,0,0,0,1,1,0,2,5,4,6,0,0
CRS5490RES200mN1610200E710000,200,68,45,12,36,1,23,1,1477583.8,1769,45,0,0,0,41,0,4,0,0,0,1,6,6,4,15,9,19,8,0
CRS5490RES200mN1615000E709200,200,93.5,38,20,14,4,20,8,1548800.7,2867,10,28,0,1,25,12,0,0,1,3,6,9.5,7,5,30,9,13,10,0
CRS5490RES200mN1615000E709400,200,194.5,84,26,31,8,49,18,3723416.6,5640,11,73,0,31,43,10,0,0,4,5,8.5,15,8,32,41,34,25,22,0
CRS5490RES200mN1615000E709600,200,369,160,81,70,15,90,31,5550772.1,11051,62,98,0,18,84,56,2,0,8,4,20,36,18,43,76,63,53,48,0
CRS5490RES200mN1615000E709800,200,141.5,62,30,21,3,43,12,2044256,4431,12,50,0,0,20,42,0,1,2.5,2,10,11,6,17,32,26,24,11,0
CRS5490RES200mN1615200E709200,200,80.5,32,11,10,4,0,14,1262471.1,2179,32,0,0,0,0,32,0,32,4,2,7,10.5,7,11,25,8,5,1,0
CRS5490RES200mN1615200E709400,200,256,113,40,43,9,34,27,4708367.2,8538,57,56,0,5,49,58,1,56,6,3,16,23,16,40,52,43,43,14,0
CRS5490RES200mN1615200E709600,200,161,85,15,42,5,46,19,3095726.8,5939,24,61,0,15,38,32,0,0,5,3,6,18,8,17,29,23,31,21,0
CRS5490RES200mN1615200E709800,200,29,12,1,6,2,7,2,561517.4,1104,0,12,0,4,2,6,0,0,1,1,3,4,1,5,3,4,6,1,0
CRS5490RES200mN1615400E709000,200,51,26,9,12,0,12,2,994905,1396,0,26,12,0,2,11,1,0,0,1,1,3,2,7,17,6,7,7,0
CRS5490RES200mN1615400E709200,200,129,55,19,14,3,19,14,2053155.8,4035,35,20,0,1,10,44,0,19,6,5,5,7,9,12,31,20,21,13,0
CRS5490RES200mN1615400E709400,200,315,160,28,70,6,54,46,7051017.1,12761,150,10,1,0,8,151,0,66,8,3.5,15,29.5,23,47,68,60,49,10,2
CRS5490RES200mN1615400E709600,200,103.5,48,12,21,3,23,8,2222298,3614,23,25,2,10,11,25,0,0,7,2,5,2.5,8,20,16,14,18,11,0
CRS5490RES200mN1615400E709800,200,122,52,27,14,4,19,24,1854082.2,3204,21,31,0,18,12,22,0,21,3,3,13,18,9,17,23,15,12,9,0
CRS5490RES200mN1615600E709000,200,206.5,112,54,66,7,34,19,3496741.6,6372,50,62,36,8,7,61,0,15,7,3.5,12,8.5,13.5,31,31,40,44,16,0
CRS5490RES200mN1615600E709200,200,231.5,104,51,46,7,35,25,3402420.1,6787,54,50,4,6,15,79,0,45,6.5,5,11.5,23.5,17,30,44,42,28,24,0
CRS5490RES200mN1615600E709400,200,47,24,7,10,0,11,3,913007.1,1792,3,21,3,15,1,5,0,0,0,0,2,3,0,4,7,12,14,5,0
CRS5490RES200mN1615600E709600,200,163,78,17,30,5,31,19,3161187.5,5266,34,44,3,26,12,37,0,0,4,2,5,11,10,19,29,32,36,14,1
CRS5490RES200mN1615600E709800,200,142,78,30,39,1,38,16,2543063.6,4004,0,78,0,52,25,1,0,12,2,3,2,9,5,15,32,28,33,13,0
CRS5490RES200mN1615800E709000,200,246,113,55,50,7,33,21,3861348.5,6516,45,68,27,14,23,49,0,0,10,5,12,20,10,33,43,37,54,22,0
CRS5490RES200mN1615800E709200,200,183,88,43,36,3,24,27,2521994.4,5432,40,48,5,22,16,45,0,15,10,3,9,17,12,26,35,21,36,14,0
CRS5490RES200mN1615800E709400,200,153,70,25,27,6,23,13,2658699.6,4838,24,46,16,19,17,18,0,0,3,1,8,13,8,14,35,29,32,10,0
CRS5490RES200mN1615800E709600,200,127,69,35,34,3,17,17,2060079.6,3734,37,32,8,12,7,40,2,0,4,2,9,8,5,22,27,19,23,8,0
CRS5490RES200mN1615800E709800,200,82,42,14,19,3,24,8,1495967.4,2856,5,37,0,29,13,0,0,2,0,2,0,5,7,10,11,19,18,10,0
CRS5490RES200mN1618000E709000,200,91,44,12,15,1,20,12,2141453.7,3500,26,18,0,1,21,22,0,0,3,3,4,11,5,9,20,12,17,7,0
CRS5490RES200mN1618000E709200,200,85,34,4,12,2,15,8,2160278.6,3172,22,12,0,1,23,10,0,0,5,0,7,7,4,15,14,15,13,5,0
CRS5490RES200mN1618000E709400,200,62.5,25,2,7,3,17,7,1788740.2,2610,4,21,1,0,18,6,0,0,1.5,0,5.5,3.5,5,9,11,11,8,8,0
CRS5490RES200mN1618000E709600,200,89,49,20,25,1,30,9,1546014.2,3315,10,39,1,5,26,16,1,0,2,1,3,4,2,9,9,25,17,17,0
CRS5490RES200mN1618000E709800,200,84.5,41,10,17,3,20,11,2093899.5,3815,12,29,7,1,16,17,0,0,3.5,1,6.5,5,7.5,8,18,12,16,7,0
CRS5490RES200mN1618200E709000,200,146.5,63,2,22,4,47,14,4504404.8,5503,44,19,0,1,15,47,0,0,5,5,8.5,17,10,25,30,24,20,2,0
CRS5490RES200mN1618200E709200,200,52,27,12,17,2,9,3,839414.7,1662,13,14,5,3,0,17,2,0,2,0,3.5,2.5,3,8,10,8,11,4,0
CRS5490RES200mN1618200E709400,200,59,29,5,15,3,17,4,1629815.1,2405,18,11,9,0,1,19,0,0,3,0,7,5,0,13,11,8,10,2,0
CRS5490RES200mN1618200E709600,200,88.5,41,6,17,3,14,7,1965054.8,2857,28,13,3,2,19,17,0,0,1,2,5,6.5,3,10,22,18,16,5,0
CRS5490RES200mN1618200E709800,200,142.5,74,12,36,3,37,7,3677577.4,5252,36,38,13,1,13,47,0,0,5,3,9.5,5,4,24,33,25,24,10,0
CRS5490RES200mN1618400E709000,200,164.5,81,6,35,4,63,14,4590506.1,7065,56,25,0,0,60,21,0,0,11,3,11.5,16,5,26,40,13,36,3,0
CRS5490RES200mN1618400E709200,200,79,33,12,12,5,19,6,1603812.5,2207,13,20,8,1,8,16,0,0,2,0,6,4,6,13,10,14,12,12,0
CRS5490RES200mN1618400E709400,200,69,29,6,8,2,22,5,1836024.1,2487,6,23,15,2,3,9,0,0,4,2,6,3,2,9,8,10,13,12,0
CRS5490RES200mN1618400E709600,200,115,80,7,57,1,26,9,3029471.8,4728,74,6,22,0,1,56,1,0,3,1.5,2,11.5,1,12,16,13,31,24,0
CRS5490RES200mN1618400E709800,200,65,31,4,14,2,22,5,1786186.6,2790,18,13,2,3,20,6,0,0,0,1,3,6,7,7,20,10,7,4,0
CRS5490RES200mN1618600E709000,200,145.5,82,4,44,0,51,11,4408794.9,5405,75,7,0,1,5,75,1,0,5.5,2,11,13,3,31,48,18,12,2,0
CRS5490RES200mN1618600E709200,200,69,30,10,10,1,16,6,1511679.8,2556,9,21,2,3,15,10,0,0,1,0,3,8,8,5,15,13,9,7,0
CRS5490RES200mN1618600E709400,200,89,39,6,12,1,16,9,2361077.6,3290,20,19,8,2,9,20,0,0,2,2,2,11,7,7,17,15,16,10,0
CRS5490RES200mN1618600E709600,200,120,61,5,27,4,24,16,3291116.1,4072,50,11,0,3,4,54,0,0,4,3.5,9.5,12,8,34,29,6,8,6,0
CRS5490RES200mN1618600E709800,200,64,29,2,8,1,23,6,2381463.4,3525,6,23,1,10,8,10,0,0,1,4,7,1,1,10,17,8,14,1,0
CRS5490RES200mN1618800E709000,200,192,107,8,51,0,74,25,5455935.7,7726,91,16,0,0,98,9,0,0,4,3,18.5,13.5,9,35,37,28,33,11,0
CRS5490RES200mN1618800E709200,200,59,27,2,7,2,21,3,1785574.1,3131,3,24,0,0,20,7,0,0,3,0,2,2,5,3,6,6,15,17,0
CRS5490RES200mN1618800E709400,200,90,41,9,14,2,15,12,2321825.2,3046,32,9,0,6,2,33,0,0,6.5,1,5,9,6.5,24,16,11,6,5,0
CRS5490RES200mN1618800E709600,200,102.5,49,11,18,1,24,8,2478352.2,3450,22,27,1,9,16,23,0,0,3,3,4,7.5,3,16,23,16,18,9,0
CRS5490RES200mN1618800E709800,200,69.5,30,5,8,2,19,4,2239755.3,3680,4,26,0,3,22,5,0,0,2.5,1,3,5,2,5,13,11,15,12,0
CRS5490RES200mN1620000E726000,200,36,13,3,2,2,7,3,1138682.3,1293,2,11,0,0,4,8,1,0,1,1,3,4,3,7,9,6,2,0,0
CRS5490RES200mN1620600E726800,200,20,11,5,5,0,9,0,483224,993,2,9,1,1,1,8,0,0,0,0,2,0,1,2,2,7,5,1,0
CRS5490RES200mN1620800E726800,200,41,17,5,4,2,12,3,899933.9,1654,6,11,0,1,1,14,1,0,1,0,2,4,5,4,9,11,5,0,0
CRS5490RES200mN1625600E695800,200,37,14,3,4,1,10,3,808513,1030,5,9,0,2,5,7,0,0,0,1,2,3,5,3,8,3,12,0,0
CRS5490RES200mN1625800E695800,200,55,24,10,11,4,14,4,1222600,1502,3,21,0,0,13,11,0,0,1,0,1,2,3,7,10,11,11,9,0
CRS5490RES200mN1633000E723200,200,22,12,3,6,0,7,1,554940.9,1211,5,7,0,0,8,4,0,0,0,0,0,3,1,1,6,5,6,0,0
CRS5490RES200mN1644000E699400,200,31,12,7,6,3,1,1,446905.9,463,0,12,0,1,11,0,0,0,1,0,4,3,0,2,6,5,6,4,0
CRS5490RES4000mN1592000E728000,4000,40,20.8,6.1,11.2,0.8,12,0,781838.4,2008.8,0.8,20,1.6,0.8,2.4,12,4,0,0,0.8,0.8,6.1,0,1.1,16,7.2,8,0,0
CRS5490RES4000mN1596000E708000,4000,200,75.1,31,26,9,58,10.1,3602806.4,6169,23.1,52,3.1,9,21,38,4,0,4,1.5,3.4,31.4,10.5,10.1,56.1,27,43,13,0
CRS5490RES4000mN1596000E732000,4000,1181,504,157.5,170.5,39.5,352.3,83.5,22998323.4,44036.9,84.9,419.1,2.8,55.1,131.7,296,18.4,0,15,16,56.6,105.1,62.4,146.1,250.3,206.9,257.3,65.3,0
CRS5490RES4000mN1600000E732000,4000,1430,654.8,220.1,239.4,36.8,469.5,111.9,28647386,61431.8,106.3,548.5,5.9,47.5,149.4,438.7,13.3,0,44.4,28.2,66.1,101.2,80.2,148.2,310.2,287,273.2,83.4,7.9
CRS5490RES4000mN1608000E732000,4000,3208.5,1462.9,561.7,566.7,99,727.7,360.9,58601880.9,112292,479.1,983.8,26.8,226.6,385.3,772.1,52.1,295,111.9,60.2,190.2,308.9,174.8,409,623.6,532.8,533.3,260.8,3
CRS5490RES4000mN1612000E712000,4000,172,86.8,34,44.9,4,28.9,19.9,3104972.7,6918,31.8,55,0.9,20.9,19.9,39.1,6,16,9.9,3,10.1,18,13,19.9,29,26.8,27.1,15.2,0
CRS5490RES4000mN1616000E728000,4000,146.5,72.2,15.9,35.9,2.8,45.1,4.8,3870942.6,6560.8,5.1,67.1,3.8,14.9,16.1,32.1,5.3,0,0,0,9.6,11.8,9.1,13.3,38.7,21.1,29.8,13.1,0
CRS5490RES4000mN1624000E700000,4000,801.5,374.3,128.5,158.7,21.8,254.7,59.1,15629915,29902.3,34.4,339.9,7.6,38,120.1,201.7,6.9,0,13.7,12.1,38.1,51.6,38.9,70,164.9,128.5,202.9,80.2,0.6
CRS5490RES4000mN1624000E724000,4000,996.5,450.8,70.8,144.9,26.2,341.4,68.2,28404540,46714.9,89.9,360.9,9.8,24.7,153.1,238.1,25.1,0,26.9,15.1,46.4,82,43.9,131,178.7,178.2,249.2,45.1,0
CRS5490RES4000mN1628000E692000,4000,127,68.1,33,31.1,0,46.1,14.9,1865483.7,4580.8,2,66.1,4.2,21.9,21.9,20.1,0,0,1.1,2.1,0,10.1,2,12,23.8,24.9,26,25,0
CRS5490RES4000mN1628000E724000,4000,31,15.8,3.1,6.1,1.1,12.1,1.1,926850.9,1491.1,0,15.8,0,2,9.1,3.6,1.1,0,0,0,0,0.8,1.1,5.1,6.7,5.1,11.1,1.1,0
CRS5490RES4000mN1640000E696000,4000,33,13,5.1,4,3.1,4,3.1,722538.9,1453.1,0,13,1,0,12,0,0,0,0,3.1,3.8,3.8,1,4,6.9,3.1,3.1,3.1,1.1
CRS5490RES4000mN1640000E700000,4000,1308,584.9,256.4,231.5,47.9,380.9,98.4,21807137.3,49856.7,18.7,566.2,35.2,168,192.7,187.9,1.1,0,27,13.2,40.5,97.4,67.4,110.5,257.8,243.9,272.3,161.8,16.2
CRS5490RES8000mN1592000E720000,8000,283,133.9,49,55.9,5,84.1,23.9,5084971.2,10724.1,49.8,84.1,1,14.9,27.9,87.1,3,21,1,4.8,7,26.9,15,27,56.1,70,50.2,25,0
CRS5490RES8000mN1616000E696000,8000,9098.5,3920.5,904.900000000001,1327.5,297.4,1968.7,889.300000000001,213525379.9,327687.6,1656.6,2263.9,44.7,383.7,1078.9,2402.2,11,594,329.3,200.5,506.7,859.200000000001,618.1,1260.3,1924,1501.6,1407.3,485.4,6.1
CRS5490RES8000mN1624000E704000,8000,1500.5,681.3,267.3,276.5,47.8,474.2,93.6,27388668.3,56594.7999999999,64.8,616.5,15,114.6,128.5,335.3,87.8999999999999,0,42.8000000000001,24,59.9,104.4,74.8000000000001,162.5,315.9,319.9,286,109.2,1.1
CRS5490RES8000mN1632000E688000,8000,2116,902.8,405,317.8,77.3,409.8,236.2,35004016.9,66305.2,267.9,634.9,11,120.9,193.7,575.1,2.1,246,80.6,70.5,142.7,211.9,142.7,291.1,410.9,328,294.9,135.7,7
CRS5490RES8000mN1632000E696000,8000,5773,2504.3,951.2,877,198.9,1327.1,518,103162484.9,191131.2,537.6,1966.7,60.2,493.9,709.9,1227.4,12.9,347,151.6,118,290,559.8,373.8,626.5,1166.6,973.3,1086.8,420.7,5.9
CRS5490RES8000mN1640000E688000,8000,365,183.1,85.9,79.1,6,92.1,31.9,5818129.8,13676,53,130.1,15.9,23.1,44.1,99.1,0.9,0,8,2,12,26.9,14.1,29.1,59.8,62.1,76.9,74.1,0
